joint_number,joint_length_ft,wall_thickness_in,dist_to_upstream_gw_ft,distance_ft,Height[ft],feature_type,depth_pct,id_reduction_pct,anomaly_length_in,anomaly_width_in,burst_pressure_psi,clock_position,internal_external,comments,inspection_year,feature_id,is_anomaly,distance_ft_original,distance_ft_aligned,cluster_id,clock_hours
,,0.344,-21.69,125.12,797.4828,Cluster,16.0,,3.55,2.64,,9:04,NO,,2007,Cluster_125.1,True,125.12,125.50000000000011,0,9.066666666666666
,,0.344,-24.15,127.58,797.199,Cluster,18.0,,2.0,3.44,,5:50,NO,,2007,Cluster_127.6,True,127.58,127.96000000000012,0,5.833333333333333
,,0.344,-39.17,605.58,797.0721,Cluster,10.0,,0.86,2.41,,9:48,NO,,2007,Cluster_605.6,True,605.58,605.9600000000002,-1,9.8
,,0.344,-30.35,636.8,802.0368,Cluster,15.0,,1.85,8.94,,4:38,NO,,2007,Cluster_636.8,True,636.8,637.1800000000001,-1,4.633333333333333
,,0.344,-13.32,668.73,803.305,Cluster,21.0,,4.67,10.14,1.74,1:34,NO,,2007,Cluster_668.7,True,668.73,669.1100000000001,1,1.5666666666666667
,,0.344,-13.41,668.81,803.3067,Metal Loss,40.0,,1.02,0.94,1.85,9:38,NO,,2007,Metal Loss_668.8,True,668.81,669.19,1,9.633333333333333
,,0.344,-0.86,679.22,804.051,Metal Loss,25.0,,2.36,1.3,1.81,8:16,NO,,2007,Metal Loss_679.2,True,679.22,679.6000000000001,2,8.266666666666667
,,0.344,-0.92,679.28,804.058,Metal Loss,15.0,,1.61,5.95,,8:50,NO,,2007,Metal Loss_679.3,True,679.28,679.6600000000001,2,8.833333333333334
,,0.344,-1.56,957.34,820.5215,Cluster,28.0,,3.46,3.33,1.74,4:17,NO,,2007,Cluster_957.3,True,957.34,957.72,3,4.283333333333333
,,0.344,-1.77,957.56,820.5458,Metal Loss,17.0,,1.14,1.14,,3:44,NO,,2007,Metal Loss_957.6,True,957.56,957.94,3,3.7333333333333334
,,0.344,-32.37,1071.67,831.4453,Metal Loss-Manufacturing Anomaly,18.0,,0.67,0.83,,12:19,,,2007,Metal Loss-Manufacturing Anomaly_1071.7,True,1071.67,1072.0500000000002,-1,12.316666666666666
,,0.344,-38.85,1198.08,842.8628,Cluster,13.0,,4.9,1.11,,4:10,YES,,2007,Cluster_1198.1,True,1198.08,1198.46,4,4.166666666666667
,,0.344,-5.26,1204.54,843.5122,Cluster,13.0,,8.21,5.13,,3:56,YES,,2007,Cluster_1204.5,True,1204.54,1204.92,4,3.9333333333333336
,,0.344,-27.45,1226.73,845.7444,Cluster,10.0,,2.05,0.73,,7:51,YES,,2007,Cluster_1226.7,True,1226.73,1227.11,5,7.85
,,0.344,-32.07,1231.34,846.2109,Cluster,10.0,,4.49,4.88,,3:44,YES,,2007,Cluster_1231.3,True,1231.34,1231.72,5,3.7333333333333334
,,0.344,-38.85,1238.12,846.9762,Cluster,10.0,,0.97,1.78,,7:51,YES,,2007,Cluster_1238.1,True,1238.12,1238.5,5,7.85
,,0.344,-0.16,1239.41,847.1265,Cluster,11.0,,0.94,3.88,,3:45,YES,,2007,Cluster_1239.4,True,1239.41,1239.7900000000002,5,3.75
,,0.344,-3.37,1242.62,847.502,Cluster,11.0,,8.17,5.95,,3:31,YES,,2007,Cluster_1242.6,True,1242.62,1243.0,5,3.5166666666666666
,,0.344,-13.67,1252.92,848.7088,Cluster,10.0,,5.48,5.26,,7:41,YES,,2007,Cluster_1252.9,True,1252.92,1253.3000000000002,6,7.683333333333334
,,0.344,-17.53,1256.78,849.1625,Cluster,10.0,,1.02,2.2,,3:35,YES,,2007,Cluster_1256.8,True,1256.78,1257.16,6,3.5833333333333335
,,0.344,-23.45,1262.7,849.8628,Cluster,11.0,,25.08,6.14,,7:45,YES,,2007,Cluster_1262.7,True,1262.7,1263.0800000000002,6,7.75
,,0.344,-25.02,1264.27,850.0493,Metal Loss,10.0,,0.47,0.59,,3:17,YES,,2007,Metal Loss_1264.3,True,1264.27,1264.65,6,3.283333333333333
,,0.344,-26.64,1265.9,850.2413,Cluster,11.0,,7.7,3.98,,3:20,YES,,2007,Cluster_1265.9,True,1265.9,1266.2800000000002,6,3.3333333333333335
,,0.344,-36.54,1275.79,851.4171,Cluster,10.0,,5.03,3.86,,8:16,YES,,2007,Cluster_1275.8,True,1275.79,1276.17,7,8.266666666666667
,,0.344,-37.65,1276.9,851.5489,Cluster,11.0,,9.19,5.01,,7:59,YES,,2007,Cluster_1276.9,True,1276.9,1277.2800000000002,7,7.983333333333333
,,0.344,-39.55,1278.81,851.7731,Cluster,10.0,,5.35,9.59,,7:46,YES,,2007,Cluster_1278.8,True,1278.81,1279.19,7,7.766666666666667
,,0.344,-5.12,1284.35,852.4263,Cluster,11.0,,2.45,7.96,,2:38,YES,,2007,Cluster_1284.3,True,1284.35,1284.73,7,2.6333333333333333
,,0.344,-17.29,1296.52,853.8535,Cluster,10.0,,1.68,5.01,,8:41,YES,,2007,Cluster_1296.5,True,1296.52,1296.9,8,8.683333333333334
,,0.344,-17.74,1296.97,853.9065,Cluster,10.0,,2.5,3.56,,2:45,YES,,2007,Cluster_1297.0,True,1296.97,1297.35,8,2.75
,,0.344,-20.56,1299.79,854.2387,Cluster,10.0,,5.15,4.65,,8:33,YES,,2007,Cluster_1299.8,True,1299.79,1300.17,8,8.55
,,0.344,-23.44,1302.67,854.5774,Metal Loss,12.0,,0.55,0.55,,1:57,YES,,2007,Metal Loss_1302.7,True,1302.67,1303.0500000000002,8,1.95
,,0.344,-3.65,1322.91,856.9639,Cluster,10.0,,1.82,2.26,,9:33,YES,,2007,Cluster_1322.9,True,1322.91,1323.2900000000002,9,9.55
,,0.344,-11.21,1330.47,857.8544,Cluster,10.0,,9.49,7.52,,8:40,YES,,2007,Cluster_1330.5,True,1330.47,1330.85,9,8.666666666666666
,,0.344,-21.77,1341.04,859.1039,Cluster,10.0,,27.71,19.52,,12:49,YES,,2007,Cluster_1341.0,True,1341.04,1341.42,10,12.816666666666666
,,0.344,-22.93,1342.19,859.2408,Metal Loss,10.0,,0.59,0.71,,12:24,YES,,2007,Metal Loss_1342.2,True,1342.19,1342.5700000000002,10,12.4
,,0.344,-29.41,1348.67,860.0116,Metal Loss,10.0,,0.55,0.71,,12:26,YES,,2007,Metal Loss_1348.7,True,1348.67,1349.0500000000002,10,12.433333333333334
,,0.344,-30.73,1349.99,860.1694,Cluster,11.0,,1.61,3.9,,1:40,YES,,2007,Cluster_1350.0,True,1349.99,1350.37,10,1.6666666666666665
,,0.344,-39.98,1359.24,861.2799,Cluster,13.0,,7.85,12.23,,8:48,YES,,2007,Cluster_1359.2,True,1359.24,1359.62,10,8.8
,,0.344,-4.19,1363.47,861.7895,Cluster,10.0,,3.68,17.3,,12:59,YES,,2007,Cluster_1363.5,True,1363.47,1363.85,10,12.983333333333333
,,0.344,-6.84,1366.12,862.1094,Cluster,12.0,,13.34,14.31,,1:45,YES,,2007,Cluster_1366.1,True,1366.12,1366.5,10,1.75
,,0.344,-7.39,1366.68,862.1763,Cluster,12.0,,2.83,3.31,,9:25,YES,,2007,Cluster_1366.7,True,1366.68,1367.0600000000002,10,9.416666666666666
,,0.344,-7.79,1367.08,862.2245,Cluster,11.0,,44.24,12.19,,8:15,YES,,2007,Cluster_1367.1,True,1367.08,1367.46,10,8.25
,,0.344,-8.89,1368.18,862.3573,Cluster,11.0,,26.45,12.59,,2:10,YES,,2007,Cluster_1368.2,True,1368.18,1368.5600000000002,10,2.1666666666666665
,,0.344,-11.78,1371.07,862.7063,Cluster,10.0,,14.12,13.51,,8:09,YES,,2007,Cluster_1371.1,True,1371.07,1371.45,10,8.15
,,0.344,-12.24,1371.53,862.7616,Cluster,13.0,,12.13,11.86,,2:05,YES,,2007,Cluster_1371.5,True,1371.53,1371.91,10,2.0833333333333335
,,0.344,-13.15,1372.43,862.871,Cluster,10.0,,15.32,11.54,,2:18,YES,,2007,Cluster_1372.4,True,1372.43,1372.8100000000002,10,2.3
,,0.344,-15.15,1374.44,863.113,Cluster,10.0,,7.01,11.81,,8:16,YES,,2007,Cluster_1374.4,True,1374.44,1374.8200000000002,10,8.266666666666667
,,0.344,-16.78,1376.07,863.3097,Cluster,11.0,,1.7,1.82,,9:46,YES,,2007,Cluster_1376.1,True,1376.07,1376.45,10,9.766666666666667
,,0.344,-20.62,1379.91,863.77,Cluster,10.0,,6.49,11.08,,8:27,YES,,2007,Cluster_1379.9,True,1379.91,1380.2900000000002,10,8.45
,,0.344,-20.79,1380.08,863.7899,Cluster,11.0,,13.16,12.61,,2:04,YES,,2007,Cluster_1380.1,True,1380.08,1380.46,10,2.066666666666667
,,0.344,-21.68,1380.97,863.8966,Cluster,10.0,,5.74,2.72,,8:22,YES,,2007,Cluster_1381.0,True,1380.97,1381.35,10,8.366666666666667
,,0.344,-21.96,1381.24,863.9297,Cluster,10.0,,2.18,3.77,,3:04,YES,,2007,Cluster_1381.2,True,1381.24,1381.62,10,3.066666666666667
,,0.344,-23.32,1382.61,864.0927,Cluster,11.0,,9.08,11.83,,2:04,YES,,2007,Cluster_1382.6,True,1382.61,1382.99,10,2.066666666666667
,,0.344,-24.35,1383.64,864.2158,Cluster,10.0,,4.88,11.98,,8:21,YES,,2007,Cluster_1383.6,True,1383.64,1384.0200000000002,10,8.35
,,0.344,-30.6,1389.89,864.9379,Cluster,13.0,,9.49,12.15,,1:56,YES,,2007,Cluster_1389.9,True,1389.89,1390.2700000000002,10,1.9333333333333333
,,0.344,-35.26,1394.54,865.4626,Cluster,10.0,,7.66,14.01,,1:56,YES,,2007,Cluster_1394.5,True,1394.54,1394.92,10,1.9333333333333333
,,0.344,-35.43,1394.71,865.4814,Cluster,11.0,,13.49,11.29,,8:29,YES,,2007,Cluster_1394.7,True,1394.71,1395.09,10,8.483333333333333
,,0.344,-36.63,1395.92,865.6171,Cluster,11.0,,4.52,9.59,,8:36,YES,,2007,Cluster_1395.9,True,1395.92,1396.3000000000002,10,8.6
,,0.344,-38.81,1398.09,865.8604,Cluster,11.0,,5.52,20.09,,6:48,YES,,2007,Cluster_1398.1,True,1398.09,1398.47,10,6.8
,,0.344,-39.42,1398.71,865.9294,Cluster,10.0,,8.11,17.45,,8:22,YES,,2007,Cluster_1398.7,True,1398.71,1399.09,10,8.366666666666667
,,0.344,-39.43,1398.71,865.9296,Cluster,12.0,,6.7,10.33,,2:13,YES,,2007,Cluster_1398.7,True,1398.71,1399.09,10,2.216666666666667
,,0.344,-39.45,1398.73,865.9318,Cluster,13.0,,7.19,5.91,,5:53,YES,,2007,Cluster_1398.7,True,1398.73,1399.11,10,5.883333333333333
,,0.344,-0.06,1399.35,866.0009,Cluster,11.0,,5.58,13.26,,1:53,YES,,2007,Cluster_1399.3,True,1399.35,1399.73,10,1.8833333333333333
,,0.344,-0.53,1399.82,866.0529,Cluster,10.0,,12.95,14.68,,1:48,YES,,2007,Cluster_1399.8,True,1399.82,1400.2,10,1.8
,,0.344,-4.99,1404.28,866.5504,Cluster,10.0,,1.58,6.47,,2:43,YES,,2007,Cluster_1404.3,True,1404.28,1404.66,10,2.716666666666667
,,0.344,-5.63,1404.92,866.6216,Cluster,11.0,,3.47,2.81,,8:30,YES,,2007,Cluster_1404.9,True,1404.92,1405.3000000000002,10,8.5
,,0.344,-5.68,1404.97,866.6281,Cluster,10.0,,6.19,10.12,,8:38,YES,,2007,Cluster_1405.0,True,1404.97,1405.35,10,8.633333333333333
,,0.344,-6.75,1406.04,866.7475,Cluster,10.0,,5.17,8.04,,9:15,YES,,2007,Cluster_1406.0,True,1406.04,1406.42,10,9.25
,,0.344,-7.67,1406.96,866.8492,Cluster,10.0,,17.59,13.24,,8:23,YES,,2007,Cluster_1407.0,True,1406.96,1407.34,10,8.383333333333333
,,0.344,-9.24,1408.53,867.0232,Cluster,10.0,,9.12,11.21,,8:39,YES,,2007,Cluster_1408.5,True,1408.53,1408.91,10,8.65
,,0.344,-9.86,1409.15,867.0924,Cluster,10.0,,6.43,5.91,,2:10,YES,,2007,Cluster_1409.2,True,1409.15,1409.5300000000002,10,2.1666666666666665
,,0.344,-13.25,1412.54,867.469,Cluster,11.0,,18.37,11.52,,8:51,YES,,2007,Cluster_1412.5,True,1412.54,1412.92,10,8.85
,,0.344,-15.8,1415.09,867.7519,Cluster,10.0,,4.85,6.79,,2:10,YES,,2007,Cluster_1415.1,True,1415.09,1415.47,10,2.1666666666666665
,,0.344,-19.92,1419.21,868.2067,Metal Loss,10.0,,0.67,0.71,,12:22,YES,,2007,Metal Loss_1419.2,True,1419.21,1419.59,10,12.366666666666667
,,0.344,-20.2,1419.48,868.2372,Cluster,12.0,,33.85,14.64,,8:29,YES,,2007,Cluster_1419.5,True,1419.48,1419.86,10,8.483333333333333
,,0.344,-24.08,1423.37,868.6651,Cluster,10.0,,6.65,6.49,,1:53,YES,,2007,Cluster_1423.4,True,1423.37,1423.75,10,1.8833333333333333
,,0.344,-25.11,1424.4,868.7783,Cluster,11.0,,37.4,13.43,,8:42,YES,,2007,Cluster_1424.4,True,1424.4,1424.7800000000002,10,8.7
,,0.344,-26.15,1425.43,868.8925,Cluster,14.0,,12.29,7.46,,2:17,YES,,2007,Cluster_1425.4,True,1425.43,1425.8100000000002,10,2.283333333333333
,,0.344,-29.65,1428.94,869.2758,Cluster,10.0,,6.01,8.48,,1:54,YES,,2007,Cluster_1428.9,True,1428.94,1429.3200000000002,10,1.9
,,0.344,-30.2,1429.49,869.3364,Cluster,12.0,,7.54,8.63,,1:49,YES,,2007,Cluster_1429.5,True,1429.49,1429.87,10,1.8166666666666667
,,0.344,-31.62,1430.91,869.4911,Cluster,10.0,,3.85,6.58,,2:09,YES,,2007,Cluster_1430.9,True,1430.91,1431.2900000000002,10,2.15
,,0.344,-33.05,1432.34,869.6466,Cluster,10.0,,12.38,12.38,,1:44,YES,,2007,Cluster_1432.3,True,1432.34,1432.72,10,1.7333333333333334
,,0.344,-34.03,1433.32,869.7533,Metal Loss-Manufacturing Anomaly,12.0,,0.63,0.71,,11:41,,,2007,Metal Loss-Manufacturing Anomaly_1433.3,True,1433.32,1433.7,10,11.683333333333334
,,0.344,-36.25,1435.54,869.9959,Cluster,10.0,,5.23,9.59,,1:56,YES,,2007,Cluster_1435.5,True,1435.54,1435.92,10,1.9333333333333333
,,0.344,-39.21,1438.5,870.3163,Cluster,10.0,,6.94,7.96,,1:51,YES,,2007,Cluster_1438.5,True,1438.5,1438.88,10,1.85
,,0.344,-39.46,1438.75,870.3431,Cluster,17.0,,6.48,15.12,,8:03,YES,,2007,Cluster_1438.8,True,1438.75,1439.13,10,8.05
,,0.344,-0.01,1439.24,870.3961,Cluster,12.0,,5.89,7.73,,9:11,YES,,2007,Cluster_1439.2,True,1439.24,1439.62,10,9.183333333333334
,,0.344,-0.02,1439.25,870.3977,Cluster,10.0,,4.03,5.74,,2:12,YES,,2007,Cluster_1439.2,True,1439.25,1439.63,10,2.2
,,0.344,-9.19,1448.43,871.3845,Cluster,10.0,,1.15,3.46,,7:38,YES,,2007,Cluster_1448.4,True,1448.43,1448.8100000000002,10,7.633333333333333
,,0.344,-15.41,1454.64,872.043,Cluster,11.0,,3.89,10.58,,9:12,YES,,2007,Cluster_1454.6,True,1454.64,1455.0200000000002,10,9.2
,,0.344,-19.3,1458.54,872.4545,Cluster,10.0,,0.62,1.8,,9:57,YES,,2007,Cluster_1458.5,True,1458.54,1458.92,10,9.95
,,0.344,-22.61,1461.84,872.8023,Cluster,11.0,,8.21,8.67,,9:27,YES,,2007,Cluster_1461.8,True,1461.84,1462.22,10,9.45
,,0.344,-23.36,1462.59,872.881,Cluster,10.0,,11.21,11.42,,8:49,YES,,2007,Cluster_1462.6,True,1462.59,1462.97,10,8.816666666666666
,,0.344,-24.14,1463.37,872.9627,Cluster,10.0,,19.98,11.21,,1:04,YES,,2007,Cluster_1463.4,True,1463.37,1463.75,10,1.0666666666666667
,,0.344,-25.66,1464.89,873.1228,Cluster,10.0,,13.72,11.71,,1:04,YES,,2007,Cluster_1464.9,True,1464.89,1465.2700000000002,10,1.0666666666666667
,,0.344,-26.78,1466.02,873.2407,Cluster,10.0,,21.9,12.67,,9:03,YES,,2007,Cluster_1466.0,True,1466.02,1466.4,10,9.05
,,0.344,-27.2,1466.43,873.2848,Cluster,10.0,,10.44,10.05,,1:09,YES,,2007,Cluster_1466.4,True,1466.43,1466.8100000000002,10,1.15
,,0.344,-34.64,1473.88,874.0644,Cluster,10.0,,5.68,10.33,,1:26,YES,,2007,Cluster_1473.9,True,1473.88,1474.2600000000002,10,1.4333333333333333
,,0.344,-3.61,1477.89,874.4844,Cluster,11.0,,34.78,13.8,,9:03,YES,,2007,Cluster_1477.9,True,1477.89,1478.2700000000002,10,9.05
,,0.344,-6.85,1481.13,874.8229,Metal Loss,10.0,,0.59,0.55,,3:23,YES,,2007,Metal Loss_1481.1,True,1481.13,1481.5100000000002,10,3.3833333333333333
,,0.344,-6.97,1481.25,874.8359,Cluster,10.0,,5.84,12.13,,1:04,YES,,2007,Cluster_1481.2,True,1481.25,1481.63,10,1.0666666666666667
,,0.344,-14.31,1488.59,875.6039,Metal Loss,10.0,,0.51,0.63,,9:19,YES,,2007,Metal Loss_1488.6,True,1488.59,1488.97,10,9.316666666666666
,,0.344,-19.76,1494.04,876.1739,Cluster,11.0,,20.58,12.23,,8:52,YES,,2007,Cluster_1494.0,True,1494.04,1494.42,10,8.866666666666667
,,0.344,-33.6,1507.88,877.6284,Cluster,10.0,,7.0,7.88,,1:14,YES,,2007,Cluster_1507.9,True,1507.88,1508.2600000000002,11,1.2333333333333334
,,0.344,-36.69,1510.97,877.9545,Cluster,11.0,,4.04,6.24,,1:46,YES,,2007,Cluster_1511.0,True,1510.97,1511.35,11,1.7666666666666666
,,0.344,-38.02,1512.3,878.0946,Cluster,10.0,,4.52,6.97,,9:43,YES,,2007,Cluster_1512.3,True,1512.3,1512.68,11,9.716666666666667
,,0.344,-3.38,1517.65,878.6589,Cluster,10.0,,12.73,8.61,,1:33,YES,,2007,Cluster_1517.7,True,1517.65,1518.0300000000002,11,1.55
,,0.344,-4.14,1518.41,878.7387,Cluster,10.0,,10.87,6.7,,1:02,YES,,2007,Cluster_1518.4,True,1518.41,1518.7900000000002,11,1.0333333333333334
,,0.344,-28.16,1542.43,881.2638,Cluster,10.0,,6.01,5.8,,1:47,YES,,2007,Cluster_1542.4,True,1542.43,1542.8100000000002,-1,1.7833333333333332
,,0.344,-39.61,1553.88,882.4519,Cluster,10.0,,4.56,8.27,,10:11,YES,,2007,Cluster_1553.9,True,1553.88,1554.2600000000002,12,10.183333333333334
,,0.344,-5.75,1560.05,883.08,Metal Loss,11.0,,0.75,0.55,,9:56,YES,,2007,Metal Loss_1560.0,True,1560.05,1560.43,12,9.933333333333334
,,0.344,-9.49,1563.79,883.4539,Cluster,10.0,,10.93,6.66,,10:26,YES,,2007,Cluster_1563.8,True,1563.79,1564.17,12,10.433333333333334
,,0.344,-17.53,1571.84,884.2396,Cluster,11.0,,4.52,3.33,,10:40,YES,,2007,Cluster_1571.8,True,1571.84,1572.22,12,10.666666666666666
,,0.344,-21.56,1575.87,884.6258,Cluster,15.0,,7.39,6.91,,10:35,YES,,2007,Cluster_1575.9,True,1575.87,1576.25,12,10.583333333333334
,,0.344,-27.71,1582.01,885.2172,Cluster,10.0,,3.26,4.34,,10:37,YES,,2007,Cluster_1582.0,True,1582.01,1582.39,12,10.616666666666667
,,0.344,-29.84,1584.15,885.4233,Cluster,14.0,,3.89,3.14,,10:35,YES,,2007,Cluster_1584.2,True,1584.15,1584.5300000000002,12,10.583333333333334
,,0.344,-30.3,1584.61,885.4672,Cluster,11.0,,13.44,6.97,,10:37,YES,,2007,Cluster_1584.6,True,1584.61,1584.99,12,10.616666666666667
,,0.344,-33.22,1587.53,885.749,Cluster,10.0,,4.07,6.97,,10:14,YES,,2007,Cluster_1587.5,True,1587.53,1587.91,12,10.233333333333333
,,0.344,-39.49,1593.8,886.361,Cluster,10.0,,5.5,16.65,,9:06,YES,,2007,Cluster_1593.8,True,1593.8,1594.18,12,9.1
,,0.344,-0.7,1595.0,886.478,Cluster,14.0,,5.1,20.55,,8:21,YES,,2007,Cluster_1595.0,True,1595.0,1595.38,12,8.35
,,0.344,-0.81,1595.1,886.4883,Metal Loss,20.0,,1.18,6.34,1.87,6:57,YES,,2007,Metal Loss_1595.1,True,1595.1,1595.48,12,6.95
,,0.344,-15.69,1609.99,887.9465,Metal Loss,10.0,,0.67,0.59,,12:24,YES,,2007,Metal Loss_1610.0,True,1609.99,1610.37,-1,12.4
,,0.344,-34.48,1628.77,889.7887,Cluster,11.0,,0.8,2.12,,10:29,YES,,2007,Cluster_1628.8,True,1628.77,1629.15,13,10.483333333333333
,,0.344,-40.09,1634.38,890.3414,Cluster,10.0,,5.09,11.1,,9:54,YES,,2007,Cluster_1634.4,True,1634.38,1634.7600000000002,13,9.9
,,0.344,-0.01,1634.41,890.3443,Cluster,10.0,,6.9,26.12,,12:16,YES,,2007,Cluster_1634.4,True,1634.41,1634.7900000000002,13,12.266666666666667
,,0.344,-0.91,1635.31,890.4325,Cluster,11.0,,4.88,22.14,,12:19,YES,,2007,Cluster_1635.3,True,1635.31,1635.69,13,12.316666666666666
,,0.344,-39.52,1673.93,894.1085,Cluster,11.0,,6.3,11.71,,9:27,YES,,2007,Cluster_1673.9,True,1673.93,1674.3100000000002,14,9.45
,,0.344,-40.11,1674.51,894.1603,Cluster,10.0,,5.08,12.73,,9:47,YES,,2007,Cluster_1674.5,True,1674.51,1674.89,14,9.783333333333333
,,0.344,-22.33,1696.83,896.1156,Cluster,11.0,,0.92,2.85,,12:20,YES,,2007,Cluster_1696.8,True,1696.83,1697.21,-1,12.333333333333334
,,0.344,-39.58,1714.09,897.5261,Cluster,11.0,,5.06,11.94,,9:52,YES,,2007,Cluster_1714.1,True,1714.09,1714.47,-1,9.866666666666667
,,0.344,-36.06,1790.51,902.3065,Cluster,10.0,,2.77,2.26,,11:07,YES,,2007,Cluster_1790.5,True,1790.51,1790.89,-1,11.116666666666667
,,0.344,-4.02,2104.45,909.5225,Metal Loss,13.0,,0.51,0.59,,11:59,YES,,2007,Metal Loss_2104.4,True,2104.45,2104.83,15,11.983333333333333
,,0.344,-11.71,2112.13,909.841,Cluster,10.0,,2.84,2.81,,11:54,YES,,2007,Cluster_2112.1,True,2112.13,2112.51,15,11.9
,,0.344,-13.09,2113.52,909.8994,Metal Loss,14.0,,0.79,0.71,,6:42,YES,,2007,Metal Loss_2113.5,True,2113.52,2113.9,15,6.7
,,0.344,-13.82,2114.25,909.9303,Metal Loss,10.0,,1.34,0.79,,11:06,YES,,2007,Metal Loss_2114.2,True,2114.25,2114.63,15,11.1
,,0.344,-18.3,2118.73,910.1192,Cluster,13.0,,2.03,3.02,,6:09,YES,,2007,Cluster_2118.7,True,2118.73,2119.11,15,6.15
,,0.344,-20.1,2120.53,910.1957,Metal Loss,10.0,,0.35,0.71,,12:49,YES,,2007,Metal Loss_2120.5,True,2120.53,2120.9100000000003,15,12.816666666666666
,,0.344,-21.44,2121.87,910.2533,Cluster,11.0,,2.93,4.88,,12:44,YES,,2007,Cluster_2121.9,True,2121.87,2122.25,15,12.733333333333333
,,0.344,-22.62,2123.05,910.3039,Metal Loss,12.0,,0.75,0.83,,4:56,YES,,2007,Metal Loss_2123.1,True,2123.05,2123.4300000000003,15,4.933333333333334
,,0.344,-23.67,2124.09,910.3487,Metal Loss,10.0,,0.71,0.71,,5:21,YES,,2007,Metal Loss_2124.1,True,2124.09,2124.4700000000003,15,5.35
,,0.344,-25.92,2126.34,910.4453,Metal Loss,11.0,,0.79,1.14,,6:03,YES,,2007,Metal Loss_2126.3,True,2126.34,2126.7200000000003,15,6.05
,,0.344,-26.56,2126.98,910.4728,Cluster,22.0,,1.81,2.98,1.84,6:06,YES,,2007,Cluster_2127.0,True,2126.98,2127.36,15,6.1
,,0.344,-26.63,2127.06,910.476,Cluster,11.0,,2.38,2.05,,6:58,YES,,2007,Cluster_2127.1,True,2127.06,2127.44,15,6.966666666666667
,,0.344,-36.07,2136.49,910.9471,Metal Loss,15.0,,0.75,0.71,,12:00,YES,,2007,Metal Loss_2136.5,True,2136.49,2136.87,15,12.0
,,0.344,-37.34,2137.77,911.0257,Cluster,12.0,,4.24,4.38,,11:17,YES,,2007,Cluster_2137.8,True,2137.77,2138.15,15,11.283333333333333
,,0.344,-38.96,2139.38,911.1251,Metal Loss,11.0,,0.43,0.71,,11:57,YES,,2007,Metal Loss_2139.4,True,2139.38,2139.76,15,11.95
,,0.344,-39.88,2140.31,911.1823,Metal Loss,12.0,,0.67,0.71,,4:47,YES,,2007,Metal Loss_2140.3,True,2140.31,2140.69,15,4.783333333333333
,,0.344,-5.88,2146.34,911.5635,Cluster,10.0,,1.81,1.4,,11:59,YES,,2007,Cluster_2146.3,True,2146.34,2146.7200000000003,15,11.983333333333333
,,0.344,-7.73,2148.19,911.6828,Metal Loss,19.0,,0.79,0.55,,5:36,YES,,2007,Metal Loss_2148.2,True,2148.19,2148.57,15,5.6
,,0.344,-9.98,2150.44,911.8277,Metal Loss,10.0,,0.71,0.71,,7:16,YES,,2007,Metal Loss_2150.4,True,2150.44,2150.82,15,7.266666666666667
,,0.344,-13.06,2153.51,912.0268,Metal Loss,15.0,,0.91,0.91,,6:39,YES,,2007,Metal Loss_2153.5,True,2153.51,2153.8900000000003,15,6.65
,,0.344,-17.03,2157.49,912.2906,Metal Loss,25.0,,0.71,0.63,1.88,6:58,YES,,2007,Metal Loss_2157.5,True,2157.49,2157.87,15,6.966666666666667
,,0.344,-19.12,2159.58,912.4296,Metal Loss,10.0,,1.26,1.06,,11:44,YES,,2007,Metal Loss_2159.6,True,2159.58,2159.96,15,11.733333333333333
,,0.344,-20.62,2161.08,912.529,Metal Loss,17.0,,0.63,0.55,,6:40,YES,,2007,Metal Loss_2161.1,True,2161.08,2161.46,15,6.666666666666667
,,0.344,-34.16,2174.62,913.456,Metal Loss,12.0,,0.87,0.91,,6:31,YES,,2007,Metal Loss_2174.6,True,2174.62,2175.0,16,6.516666666666667
,,0.344,-36.31,2176.77,913.6075,Metal Loss,14.0,,0.59,0.79,,12:04,YES,,2007,Metal Loss_2176.8,True,2176.77,2177.15,16,12.066666666666666
,,0.344,-38.82,2179.28,913.7847,Metal Loss,10.0,,0.59,0.71,,4:34,YES,,2007,Metal Loss_2179.3,True,2179.28,2179.6600000000003,16,4.566666666666666
,,0.344,-38.99,2179.45,913.7965,Cluster,11.0,,2.76,4.38,,5:04,YES,,2007,Cluster_2179.4,True,2179.45,2179.83,16,5.066666666666666
,,0.344,-1.23,2181.73,913.9577,Metal Loss,12.0,,1.61,0.83,,5:17,YES,,2007,Metal Loss_2181.7,True,2181.73,2182.11,16,5.283333333333333
,,0.344,-3.76,2184.26,914.1366,Metal Loss,10.0,,0.51,0.71,,12:11,YES,,2007,Metal Loss_2184.3,True,2184.26,2184.6400000000003,16,12.183333333333334
,,0.344,-12.11,2192.61,914.7337,Metal Loss,12.0,,0.59,0.71,,7:18,YES,,2007,Metal Loss_2192.6,True,2192.61,2192.99,16,7.3
,,0.344,-13.63,2194.13,914.8433,Metal Loss,11.0,,0.71,0.59,,11:58,YES,,2007,Metal Loss_2194.1,True,2194.13,2194.51,16,11.966666666666667
,,0.344,-38.22,2218.72,916.6591,Metal Loss,12.0,,0.98,0.71,,5:13,YES,,2007,Metal Loss_2218.7,True,2218.72,2219.1,17,5.216666666666667
,,0.344,-39.74,2220.24,916.7737,Cluster,16.0,,3.12,2.77,,5:23,YES,,2007,Cluster_2220.2,True,2220.24,2220.62,17,5.383333333333334
,,0.344,-39.74,2220.24,916.7741,Metal Loss,11.0,,0.91,0.59,,6:19,YES,,2007,Metal Loss_2220.2,True,2220.24,2220.62,17,6.316666666666666
,,0.344,-2.29,2222.85,916.9708,Metal Loss,15.0,,0.55,0.71,,7:15,YES,,2007,Metal Loss_2222.8,True,2222.85,2223.23,17,7.25
,,0.344,-6.11,2226.67,917.2614,Metal Loss,10.0,,0.59,0.71,,7:10,YES,,2007,Metal Loss_2226.7,True,2226.67,2227.05,17,7.166666666666667
,,0.344,-6.15,2226.72,917.2647,Metal Loss,10.0,,0.91,0.63,,6:24,YES,,2007,Metal Loss_2226.7,True,2226.72,2227.1,17,6.4
,,0.344,-7.41,2227.98,917.3608,Metal Loss,12.0,,0.63,0.71,,7:20,YES,,2007,Metal Loss_2228.0,True,2227.98,2228.36,17,7.333333333333333
,,0.344,-8.24,2228.8,917.4236,Metal Loss,10.0,,0.71,0.71,,6:27,YES,,2007,Metal Loss_2228.8,True,2228.8,2229.1800000000003,17,6.45
,,0.344,-12.48,2233.04,917.7464,Metal Loss,13.0,,0.79,0.94,,6:24,YES,,2007,Metal Loss_2233.0,True,2233.04,2233.42,17,6.4
,,0.344,-12.61,2233.17,917.7564,Cluster,11.0,,1.76,1.11,,4:57,YES,,2007,Cluster_2233.2,True,2233.17,2233.55,17,4.95
,,0.344,-13.8,2234.36,917.8472,Cluster,11.0,,2.12,0.73,,7:33,YES,,2007,Cluster_2234.4,True,2234.36,2234.74,17,7.55
,,0.344,-14.13,2234.69,917.8724,Metal Loss,12.0,,0.63,0.71,,5:14,YES,,2007,Metal Loss_2234.7,True,2234.69,2235.07,17,5.233333333333333
,,0.344,-14.68,2235.25,917.9148,Metal Loss,10.0,,1.1,0.83,,6:23,YES,,2007,Metal Loss_2235.2,True,2235.25,2235.63,17,6.383333333333334
,,0.344,-18.33,2238.9,918.1934,Cluster,15.0,,2.34,1.11,,5:19,YES,,2007,Cluster_2238.9,True,2238.9,2239.28,17,5.316666666666666
,,0.344,-20.64,2241.2,918.3697,Metal Loss,15.0,,0.67,0.71,,4:59,YES,,2007,Metal Loss_2241.2,True,2241.2,2241.58,17,4.983333333333333
,,0.344,-21.28,2241.84,918.4186,Metal Loss,12.0,,0.59,0.71,,5:26,YES,,2007,Metal Loss_2241.8,True,2241.84,2242.2200000000003,17,5.433333333333334
,,0.344,-23.35,2243.92,918.5765,Metal Loss,17.0,,0.71,0.71,,6:21,YES,,2007,Metal Loss_2243.9,True,2243.92,2244.3,17,6.35
,,0.344,-24.32,2244.89,918.6503,Metal Loss,11.0,,0.75,0.63,,6:11,YES,,2007,Metal Loss_2244.9,True,2244.89,2245.27,17,6.183333333333334
,,0.344,-26.45,2247.01,918.811,Metal Loss,17.0,,0.87,0.71,,5:31,YES,,2007,Metal Loss_2247.0,True,2247.01,2247.3900000000003,17,5.516666666666667
,,0.344,-28.19,2248.76,918.943,Metal Loss,16.0,,0.63,0.59,,6:26,YES,,2007,Metal Loss_2248.8,True,2248.76,2249.1400000000003,17,6.433333333333334
,,0.344,-28.72,2249.29,918.9831,Metal Loss,10.0,,0.71,0.71,,6:01,YES,,2007,Metal Loss_2249.3,True,2249.29,2249.67,17,6.016666666666667
,,0.344,-28.93,2249.5,918.9989,Metal Loss,11.0,,0.71,0.71,,6:28,YES,,2007,Metal Loss_2249.5,True,2249.5,2249.88,17,6.466666666666667
,,0.344,-33.35,2253.91,919.3328,Metal Loss,13.0,,0.47,0.71,,5:23,YES,,2007,Metal Loss_2253.9,True,2253.91,2254.29,17,5.383333333333334
,,0.344,-35.19,2255.76,919.4699,Cluster,18.0,,1.94,0.69,,5:25,YES,,2007,Cluster_2255.8,True,2255.76,2256.1400000000003,17,5.416666666666667
,,0.344,-36.84,2257.41,919.5927,Metal Loss,13.0,,0.79,0.67,,6:25,YES,,2007,Metal Loss_2257.4,True,2257.41,2257.79,17,6.416666666666667
,,0.344,-37.56,2258.13,919.646,Cluster,11.0,,4.56,3.83,,4:55,YES,,2007,Cluster_2258.1,True,2258.13,2258.51,17,4.916666666666667
,,0.344,-39.55,2260.11,919.7917,Cluster,15.0,,3.11,3.31,,5:32,YES,,2007,Cluster_2260.1,True,2260.11,2260.49,17,5.533333333333333
,,0.344,-0.08,2260.47,919.8172,Cluster,13.0,,1.57,4.48,,5:35,YES,,2007,Cluster_2260.5,True,2260.47,2260.85,17,5.583333333333333
,,0.344,-1.62,2262.01,919.9293,Metal Loss,10.0,,0.67,0.71,,7:07,YES,,2007,Metal Loss_2262.0,True,2262.01,2262.3900000000003,17,7.116666666666666
,,0.344,-3.59,2263.98,920.0726,Cluster,13.0,,1.66,0.69,,5:57,YES,,2007,Cluster_2264.0,True,2263.98,2264.36,17,5.95
,,0.344,-5.62,2266.01,920.2201,Metal Loss,10.0,,0.47,0.71,,11:47,YES,,2007,Metal Loss_2266.0,True,2266.01,2266.3900000000003,17,11.783333333333333
,,0.344,-6.88,2267.26,920.3112,Metal Loss,10.0,,0.79,0.59,,6:03,YES,,2007,Metal Loss_2267.3,True,2267.26,2267.6400000000003,17,6.05
,,0.344,-8.13,2268.51,920.4023,Metal Loss,12.0,,0.55,0.71,,5:25,YES,,2007,Metal Loss_2268.5,True,2268.51,2268.8900000000003,17,5.416666666666667
,,0.344,-10.6,2270.99,920.5809,Cluster,10.0,,1.86,1.43,,6:27,YES,,2007,Cluster_2271.0,True,2270.99,2271.37,17,6.45
,,0.344,-30.04,2290.43,921.9339,Cluster,10.0,,3.88,0.71,,5:30,YES,,2007,Cluster_2290.4,True,2290.43,2290.81,18,5.5
,,0.344,-30.6,2290.98,921.9714,Cluster,12.0,,1.62,3.27,,5:42,YES,,2007,Cluster_2291.0,True,2290.98,2291.36,18,5.7
,,0.344,-39.67,2300.05,922.556,Cluster,15.0,,4.56,4.34,,5:52,YES,,2007,Cluster_2300.1,True,2300.05,2300.4300000000003,18,5.866666666666667
,,0.344,-39.74,2300.12,922.5602,Cluster,16.0,,4.03,8.09,,3:49,YES,,2007,Cluster_2300.1,True,2300.12,2300.5,18,3.8166666666666664
,,0.344,-1.84,2302.29,922.6964,Metal Loss,13.0,,0.67,0.71,,5:47,YES,,2007,Metal Loss_2302.3,True,2302.29,2302.67,18,5.783333333333333
,,0.344,-9.55,2310.0,923.1627,Metal Loss,10.0,,1.02,0.87,,6:09,YES,,2007,Metal Loss_2310.0,True,2310.0,2310.38,18,6.15
,,0.344,-10.08,2310.53,923.1944,Metal Loss,14.0,,0.98,0.87,,6:03,YES,,2007,Metal Loss_2310.5,True,2310.53,2310.9100000000003,18,6.05
,,0.344,-2.37,2368.29,926.2914,Cluster,13.0,,5.62,5.97,,5:40,YES,,2007,Cluster_2368.3,True,2368.29,2368.67,-1,5.666666666666667
,,0.344,-32.93,2982.66,971.2751,Metal Loss,10.0,,0.51,0.71,,11:01,YES,,2007,Metal Loss_2982.7,True,2982.66,2983.04,19,11.016666666666667
,,0.344,-1.76,2991.42,971.457,Cluster,12.0,,0.77,1.72,,9:37,YES,,2007,Cluster_2991.4,True,2991.42,2991.8,19,9.616666666666667
,,0.344,-1.94,2991.61,971.4608,Metal Loss,13.0,,0.55,0.55,,9:42,YES,,2007,Metal Loss_2991.6,True,2991.61,2991.99,19,9.7
,,0.344,-3.94,2993.61,971.5022,Cluster,10.0,,1.58,1.36,,9:30,YES,,2007,Cluster_2993.6,True,2993.61,2993.99,19,9.5
,,0.344,-4.24,2993.91,971.5085,Cluster,12.0,,1.63,0.67,,2:16,YES,,2007,Cluster_2993.9,True,2993.91,2994.29,19,2.2666666666666666
,,0.344,-4.83,2994.5,971.5207,Cluster,10.0,,4.84,2.81,,9:17,YES,,2007,Cluster_2994.5,True,2994.5,2994.88,19,9.283333333333333
,,0.344,-12.41,3002.07,971.677,Metal Loss,10.0,,0.51,0.55,,8:30,YES,,2007,Metal Loss_3002.1,True,3002.07,3002.4500000000003,19,8.5
,,0.344,-12.57,3002.24,971.6804,Metal Loss,11.0,,0.67,0.71,,8:29,YES,,2007,Metal Loss_3002.2,True,3002.24,3002.62,19,8.483333333333333
,,0.344,-28.38,3018.05,971.9395,Metal Loss,10.0,,0.63,0.63,,3:09,YES,,2007,Metal Loss_3018.1,True,3018.05,3018.4300000000003,20,3.15
,,0.344,-30.21,3019.88,971.941,Cluster,10.0,,1.76,1.24,,8:31,YES,,2007,Cluster_3019.9,True,3019.88,3020.26,20,8.516666666666667
,,0.344,-21.59,3051.05,971.9481,Cluster,10.0,,4.02,0.71,,4:35,YES,,2007,Cluster_3051.1,True,3051.05,3051.4300000000003,21,4.583333333333333
,,0.344,-25.37,3054.83,971.9454,Cluster,10.0,,3.74,1.05,,4:18,YES,,2007,Cluster_3054.8,True,3054.83,3055.21,21,4.3
,,0.344,-25.79,3055.25,971.945,Metal Loss,11.0,,0.67,0.71,,4:22,YES,,2007,Metal Loss_3055.2,True,3055.25,3055.63,21,4.366666666666666
,,0.344,-27.05,3056.51,971.9441,Cluster,11.0,,3.52,0.69,,4:17,YES,,2007,Cluster_3056.5,True,3056.51,3056.8900000000003,21,4.283333333333333
,,0.344,-27.34,3056.8,971.9439,Cluster,11.0,,4.99,3.83,,7:17,YES,,2007,Cluster_3056.8,True,3056.8,3057.1800000000003,21,7.283333333333333
,,0.344,-28.41,3057.87,971.9432,Cluster,11.0,,3.41,1.2,,4:12,YES,,2007,Cluster_3057.9,True,3057.87,3058.25,21,4.2
,,0.344,-28.89,3058.36,971.9428,Metal Loss,12.0,,0.71,0.55,,4:17,YES,,2007,Metal Loss_3058.4,True,3058.36,3058.74,21,4.283333333333333
,,0.344,-29.11,3058.57,971.9426,Cluster,11.0,,6.88,2.77,,3:57,YES,,2007,Cluster_3058.6,True,3058.57,3058.9500000000003,21,3.95
,,0.344,-29.62,3059.08,971.9421,Cluster,11.0,,9.0,3.37,,7:18,YES,,2007,Cluster_3059.1,True,3059.08,3059.46,21,7.3
,,0.344,-29.81,3059.27,971.942,Metal Loss,10.0,,0.91,0.71,,4:14,YES,,2007,Metal Loss_3059.3,True,3059.27,3059.65,21,4.233333333333333
,,0.344,-30.3,3059.76,971.9415,Cluster,11.0,,13.36,5.59,,3:47,YES,,2007,Cluster_3059.8,True,3059.76,3060.1400000000003,21,3.783333333333333
,,0.344,-30.45,3059.92,971.9414,Cluster,11.0,,7.37,3.88,,7:18,YES,,2007,Cluster_3059.9,True,3059.92,3060.3,21,7.3
,,0.344,-31.23,3060.69,971.9407,Cluster,15.0,,7.08,1.34,,7:42,YES,,2007,Cluster_3060.7,True,3060.69,3061.07,21,7.7
,,0.344,-31.92,3061.38,971.9401,Cluster,15.0,,11.11,2.28,,7:39,YES,,2007,Cluster_3061.4,True,3061.38,3061.76,21,7.65
,,0.344,-32.01,3061.47,971.94,Cluster,15.0,,4.7,5.41,,3:59,YES,,2007,Cluster_3061.5,True,3061.47,3061.85,21,3.9833333333333334
,,0.344,-32.51,3061.97,971.9396,Cluster,10.0,,6.55,5.03,,3:37,YES,,2007,Cluster_3062.0,True,3061.97,3062.35,21,3.6166666666666667
,,0.344,-32.95,3062.41,971.9392,Cluster,13.0,,5.17,3.33,,7:34,YES,,2007,Cluster_3062.4,True,3062.41,3062.79,21,7.566666666666666
,,0.344,-33.63,3063.09,971.9386,Cluster,11.0,,5.63,3.44,,7:39,YES,,2007,Cluster_3063.1,True,3063.09,3063.4700000000003,21,7.65
,,0.344,-34.09,3063.55,971.9382,Cluster,11.0,,4.67,2.98,,3:46,YES,,2007,Cluster_3063.6,True,3063.55,3063.9300000000003,21,3.7666666666666666
,,0.344,-39.61,3069.07,971.929,Cluster,12.0,,4.69,5.59,,8:17,YES,,2007,Cluster_3069.1,True,3069.07,3069.4500000000003,21,8.283333333333333
,,0.344,-39.24,3347.22,961.6587,Metal Loss,14.0,,1.18,2.24,,3:48,NO,,2007,Metal Loss_3347.2,True,3347.22,3347.6,22,3.8
,,0.344,-39.32,3347.3,961.6548,Metal Loss,11.0,,0.71,0.94,,7:29,NO,,2007,Metal Loss_3347.3,True,3347.3,3347.6800000000003,22,7.483333333333333
,,0.344,-17.89,3406.04,958.2962,Cluster,18.0,,2.56,2.85,,5:32,NO,,2007,Cluster_3406.0,True,3406.04,3406.42,-1,5.533333333333333
,,0.344,-39.15,3427.3,957.0421,Metal Loss,12.0,,0.87,1.93,,7:45,NO,,2007,Metal Loss_3427.3,True,3427.3,3427.6800000000003,-1,7.75
,,0.344,-0.81,4530.89,907.7889,Metal Loss,15.0,,1.02,2.32,,4:11,NO,,2007,Metal Loss_4530.9,True,4530.89,4531.27,-1,4.183333333333334
,,0.344,-38.94,4609.09,909.2472,Cluster,17.0,,3.47,6.35,,6:16,NO,,2007,Cluster_4609.1,True,4609.09,4609.47,-1,6.266666666666667
,,0.344,-26.58,5024.29,907.4257,Metal Loss-Manufacturing Anomaly,15.0,,0.67,0.55,,3:43,,,2007,Metal Loss-Manufacturing Anomaly_5024.3,True,5024.29,5024.67,-1,3.716666666666667
,,0.344,-28.9,5292.54,904.1469,Cluster,14.0,,2.69,2.22,,6:14,NO,,2007,Cluster_5292.5,True,5292.54,5292.92,23,6.233333333333333
,,0.344,-30.37,5294.02,904.1541,Cluster,12.0,,1.72,0.69,,5:59,NO,,2007,Cluster_5294.0,True,5294.02,5294.400000000001,23,5.983333333333333
,,0.344,-38.65,5342.18,904.168,Cluster,43.0,,6.68,36.53,1.45,3:18,NO,,2007,Cluster_5342.2,True,5342.18,5342.56,24,3.3
,,0.344,-0.79,5344.35,904.1596,Cluster,16.0,,2.0,12.63,,9:41,NO,,2007,Cluster_5344.4,True,5344.35,5344.7300000000005,24,9.683333333333334
,,0.344,-0.99,5344.55,904.1589,Cluster,16.0,,1.02,3.67,,2:33,NO,,2007,Cluster_5344.6,True,5344.55,5344.93,24,2.55
,,0.344,-17.57,5361.13,904.1821,Cluster,21.0,,4.13,6.03,1.76,6:20,NO,,2007,Cluster_5361.1,True,5361.13,5361.51,25,6.333333333333333
,,0.344,-18.29,5361.85,904.1877,Metal Loss,15.0,,0.94,0.55,,6:06,NO,,2007,Metal Loss_5361.9,True,5361.85,5362.2300000000005,25,6.1
,,0.344,-18.4,5361.96,904.1885,Metal Loss,29.0,,1.73,1.14,1.83,6:40,NO,,2007,Metal Loss_5362.0,True,5361.96,5362.34,25,6.666666666666667
,,0.344,-18.47,5362.03,904.1891,Cluster,54.0,,4.21,2.14,1.46,7:18,NO,,2007,Cluster_5362.0,True,5362.03,5362.41,25,7.3
,,0.344,-18.58,5362.14,904.19,Cluster,28.0,,4.5,2.77,1.69,4:39,NO,,2007,Cluster_5362.1,True,5362.14,5362.52,25,4.65
,,0.344,-18.94,5362.5,904.1928,Cluster,40.0,,4.68,5.72,1.57,7:01,NO,,2007,Cluster_5362.5,True,5362.5,5362.88,25,7.016666666666667
,,0.344,-19.06,5362.62,904.1937,Cluster,13.0,,2.05,2.33,,4:50,NO,,2007,Cluster_5362.6,True,5362.62,5363.0,25,4.833333333333333
,,0.344,-19.46,5363.02,904.1969,Metal Loss,32.0,,3.31,1.65,1.72,4:26,NO,,2007,Metal Loss_5363.0,True,5363.02,5363.400000000001,25,4.433333333333334
,,0.344,-19.59,5363.15,904.1979,Cluster,19.0,,3.37,8.23,,6:46,NO,,2007,Cluster_5363.1,True,5363.15,5363.53,25,6.766666666666667
,,0.344,-20.03,5363.59,904.2013,Cluster,37.0,,1.91,2.2,1.79,4:21,NO,,2007,Cluster_5363.6,True,5363.59,5363.97,25,4.35
,,0.344,-21.03,5364.59,904.2091,Cluster,35.0,,2.35,2.12,1.77,4:25,NO,,2007,Cluster_5364.6,True,5364.59,5364.97,25,4.416666666666667
,,0.344,-21.51,5365.07,904.213,Cluster,22.0,,4.85,2.56,1.73,4:23,NO,,2007,Cluster_5365.1,True,5365.07,5365.45,25,4.383333333333334
,,0.344,-22.16,5365.72,904.2181,Cluster,59.0,,14.66,17.01,1.08,5:34,NO,,2007,Cluster_5365.7,True,5365.72,5366.1,25,5.566666666666666
,,0.344,-22.31,5365.86,904.2192,Cluster,11.0,,3.59,5.2,,4:43,NO,,2007,Cluster_5365.9,True,5365.86,5366.24,25,4.716666666666667
,,0.344,-35.87,5379.43,904.345,Cluster,40.0,,3.78,19.14,1.63,4:36,NO,,2007,Cluster_5379.4,True,5379.43,5379.81,-1,4.6
,,0.344,-0.74,5447.33,906.411,Cluster,12.0,,2.09,16.57,,6:42,NO,,2007,Cluster_5447.3,True,5447.33,5447.71,-1,6.7
,,0.344,-12.36,5458.94,906.7782,Metal Loss-Manufacturing Anomaly,11.0,,3.82,1.06,,12:40,,,2007,Metal Loss-Manufacturing Anomaly_5458.9,True,5458.94,5459.32,-1,12.666666666666666
,,0.344,-39.06,5830.69,921.9398,Cluster,19.0,,1.66,6.26,,6:47,NO,,2007,Cluster_5830.7,True,5830.69,5831.07,-1,6.783333333333333
,,0.344,-23.68,6924.26,842.9271,Metal Loss-Manufacturing Anomaly,14.0,,0.59,0.55,,12:28,,,2007,Metal Loss-Manufacturing Anomaly_6924.3,True,6924.26,6924.64,26,12.466666666666667
,,0.344,-24.96,6925.53,842.8694,Metal Loss-Manufacturing Anomaly,20.0,,0.55,0.59,,9:45,,,2007,Metal Loss-Manufacturing Anomaly_6925.5,True,6925.53,6925.91,26,9.75
,,0.344,-39.06,6979.62,840.5392,Metal Loss,17.0,,1.65,2.01,,5:21,NO,,2007,Metal Loss_6979.6,True,6979.62,6980.0,27,5.35
,,0.344,-39.08,6979.64,840.5385,Metal Loss,25.0,,1.26,3.9,1.86,6:42,NO,,2007,Metal Loss_6979.6,True,6979.64,6980.02,27,6.7
,,0.344,-39.05,7052.36,838.1095,Cluster,18.0,,1.99,5.38,,3:50,NO,,2007,Cluster_7052.4,True,7052.36,7052.74,-1,3.8333333333333335
,,0.344,-24.7,7637.41,815.6535,Metal Loss,19.0,,1.38,1.18,,9:07,NO,,2007,Metal Loss_7637.4,True,7637.41,7637.79,28,9.116666666666667
,,0.344,-25.04,7637.75,815.6391,Metal Loss,14.0,,1.46,1.53,,9:05,NO,,2007,Metal Loss_7637.8,True,7637.75,7638.13,28,9.083333333333334
,,0.344,-26.09,7638.8,815.5944,Cluster,11.0,,3.06,3.46,,9:38,NO,,2007,Cluster_7638.8,True,7638.8,7639.18,28,9.633333333333333
,,0.344,-38.53,7651.24,815.0541,Cluster,11.0,,3.41,1.38,,6:27,NO,,2007,Cluster_7651.2,True,7651.24,7651.62,-1,6.45
,,0.344,-39.13,8421.4,815.445,Metal Loss,11.0,,0.87,1.1,,6:52,NO,,2007,Metal Loss_8421.4,True,8421.4,8421.779999999999,-1,6.866666666666667
,,0.344,-38.95,8725.0,807.2579,Cluster,10.0,,3.94,4.61,,4:50,NO,,2007,Cluster_8725.0,True,8725.0,8725.380000000001,-1,4.833333333333333
,,0.344,-3.72,8889.36,807.6581,Metal Loss-Manufacturing Anomaly,13.0,,0.47,0.71,,10:52,,,2007,Metal Loss-Manufacturing Anomaly_8889.4,True,8889.36,8889.740000000002,29,10.866666666666667
,,0.344,-4.23,8889.87,807.6607,Metal Loss-Manufacturing Anomaly,14.0,,1.61,0.71,,7:07,,,2007,Metal Loss-Manufacturing Anomaly_8889.9,True,8889.87,8890.25,29,7.116666666666666
,,0.344,-1.44,9473.05,780.4636,Metal Loss,10.0,,0.71,0.59,,5:15,YES,,2007,Metal Loss_9473.0,True,9473.05,9473.43,-1,5.25
,,0.344,-38.82,10202.72,826.6514,Cluster,13.0,,2.65,3.81,,7:11,NO,,2007,Cluster_10202.7,True,10202.72,10203.1,-1,7.183333333333334
,,0.344,-8.37,10392.93,824.2547,Metal Loss-Manufacturing Anomaly,17.0,,3.66,0.71,,8:22,,,2007,Metal Loss-Manufacturing Anomaly_10392.9,True,10392.93,10393.31,-1,8.366666666666667
,,0.344,-19.7,10404.26,824.1441,Metal Loss-Manufacturing Anomaly,17.0,,3.58,0.63,,2:23,,,2007,Metal Loss-Manufacturing Anomaly_10404.3,True,10404.26,10404.64,-1,2.3833333333333333
,,0.344,-0.76,10505.17,822.7847,Cluster,10.0,,4.09,13.28,,5:10,NO,,2007,Cluster_10505.2,True,10505.17,10505.55,-1,5.166666666666667
,,0.344,-29.95,10574.38,820.8848,Cluster,21.0,,6.8,5.8,1.69,4:21,NO,,2007,Cluster_10574.4,True,10574.38,10574.759999999998,30,4.35
,,0.344,-30.7,10575.13,820.8552,Cluster,17.0,,6.35,2.87,,4:19,NO,,2007,Cluster_10575.1,True,10575.13,10575.509999999998,30,4.316666666666666
,,0.344,-33.09,10577.51,820.7606,Cluster,12.0,,2.87,1.43,,6:20,NO,,2007,Cluster_10577.5,True,10577.51,10577.89,30,6.333333333333333
,,0.344,-39.0,10583.42,820.523,Cluster,19.0,,2.99,2.91,,6:27,NO,,2007,Cluster_10583.4,True,10583.42,10583.8,30,6.45
,,0.344,-39.15,10583.57,820.5169,Metal Loss,26.0,,1.06,2.28,1.86,3:53,NO,,2007,Metal Loss_10583.6,True,10583.57,10583.95,30,3.8833333333333333
,,0.344,-0.54,10743.51,820.7096,Cluster,23.0,,2.6,2.39,1.8,5:18,NO,,2007,Cluster_10743.5,True,10743.51,10743.89,-1,5.3
,,0.344,-4.3,11046.93,829.1849,Metal Loss-Manufacturing Anomaly,12.0,,0.63,0.75,,3:25,,,2007,Metal Loss-Manufacturing Anomaly_11046.9,True,11046.93,11047.31,-1,3.4166666666666665
,,0.344,-19.85,12180.29,862.3529,Metal Loss-Manufacturing Anomaly,13.0,,3.78,1.46,,10:32,,,2007,Metal Loss-Manufacturing Anomaly_12180.3,True,12180.29,12180.670000000002,-1,10.533333333333333
,,0.344,-20.9,12381.12,870.4641,Metal Loss-Manufacturing Anomaly,20.0,,3.66,2.68,,5:02,,,2007,Metal Loss-Manufacturing Anomaly_12381.1,True,12381.12,12381.5,-1,5.033333333333333
,,0.344,-0.6,13138.89,876.6469,Metal Loss,33.0,,5.51,0.63,1.61,4:05,NO,,2007,Metal Loss_13138.9,True,13138.89,13139.27,31,4.083333333333333
,,0.344,-0.61,13138.9,876.646,Cluster,34.0,,8.47,25.13,1.52,4:35,NO,,2007,Cluster_13138.9,True,13138.9,13139.28,31,4.583333333333333
,,0.344,-0.82,13139.11,876.6339,Metal Loss,11.0,,0.98,1.77,,3:15,NO,,2007,Metal Loss_13139.1,True,13139.11,13139.490000000002,31,3.25
,,0.344,-0.76,13393.85,851.3967,Cluster,14.0,,2.52,8.15,,11:48,NO,,2007,Cluster_13393.9,True,13393.85,13394.23,-1,11.8
,,0.344,-22.51,13836.19,869.0829,Metal Loss-Manufacturing Anomaly,14.0,,0.83,0.87,,10:39,,,2007,Metal Loss-Manufacturing Anomaly_13836.2,True,13836.19,13836.57,-1,10.65
,,0.344,-25.71,14928.01,821.8759,Metal Loss,26.0,,0.91,0.94,1.87,1:11,NO,,2007,Metal Loss_14928.0,True,14928.01,14928.39,32,1.1833333333333333
,,0.344,-25.9,14928.2,821.8769,Cluster,10.0,,1.57,3.31,,1:07,NO,,2007,Cluster_14928.2,True,14928.2,14928.580000000002,32,1.1166666666666667
,,0.344,-1.48,14943.65,822.1251,Cluster,14.0,,3.23,2.16,,6:08,NO,,2007,Cluster_14943.6,True,14943.65,14944.03,33,6.133333333333334
,,0.344,-2.22,14944.39,822.146,Cluster,13.0,,4.16,3.35,,05:00,NO,,2007,Cluster_14944.4,True,14944.39,14944.77,33,5.0
,,0.344,-2.27,14944.44,822.1474,Cluster,14.0,,7.08,6.14,,6:48,NO,,2007,Cluster_14944.4,True,14944.44,14944.82,33,6.8
,,0.5,-0.03,14945.2,822.1702,Cluster,10.0,,8.15,6.03,,4:46,NO,,2007,Cluster_14945.2,True,14945.2,14945.580000000002,33,4.766666666666667
,,0.5,-3.79,14948.96,822.2879,Cluster,14.0,,5.27,8.84,,4:44,NO,,2007,Cluster_14949.0,True,14948.96,14949.34,33,4.733333333333333
,,0.344,-1.08,14950.79,822.3451,Cluster,15.0,,3.43,3.5,,5:04,NO,,2007,Cluster_14950.8,True,14950.79,14951.170000000002,33,5.066666666666666
,,0.344,-1.42,14951.13,822.3559,Cluster,25.0,,6.48,10.52,1.66,3:51,NO,,2007,Cluster_14951.1,True,14951.13,14951.509999999998,33,3.85
,,0.344,-0.07,14952.76,822.4068,Metal Loss,31.0,,0.98,4.09,1.86,5:46,NO,,2007,Metal Loss_14952.8,True,14952.76,14953.14,33,5.766666666666667
,,0.344,-28.46,15034.27,821.1598,Metal Loss,11.0,,0.71,0.67,,8:57,NO,,2007,Metal Loss_15034.3,True,15034.27,15034.65,34,8.95
,,0.344,-30.19,15036.01,821.0611,Cluster,13.0,,3.04,3.31,,8:37,NO,,2007,Cluster_15036.0,True,15036.01,15036.39,34,8.616666666666667
,,0.344,-8.4,15054.15,820.2092,Cluster,15.0,,5.14,5.32,,5:18,NO,,2007,Cluster_15054.1,True,15054.15,15054.53,-1,5.3
,,0.344,-20.74,15066.49,819.6019,Metal Loss,12.0,,1.1,1.02,,3:09,NO,,2007,Metal Loss_15066.5,True,15066.49,15066.87,35,3.15
,,0.344,-27.23,15072.99,819.2671,Metal Loss,14.0,,0.75,0.59,,8:29,NO,,2007,Metal Loss_15073.0,True,15072.99,15073.37,35,8.483333333333333
,,0.344,-28.43,15074.18,819.2055,Metal Loss,18.0,,0.71,0.71,,9:28,NO,,2007,Metal Loss_15074.2,True,15074.18,15074.56,35,9.466666666666667
,,0.344,-29.49,15075.24,819.1509,Cluster,29.0,,4.66,2.95,1.68,9:16,NO,,2007,Cluster_15075.2,True,15075.24,15075.62,35,9.266666666666667
,,0.344,-30.08,15075.83,819.1202,Metal Loss,22.0,,0.71,0.71,1.88,9:38,NO,,2007,Metal Loss_15075.8,True,15075.83,15076.21,35,9.633333333333333
,,0.344,-32.52,15078.28,818.9927,Metal Loss,11.0,,0.71,0.79,,9:17,NO,,2007,Metal Loss_15078.3,True,15078.28,15078.66,35,9.283333333333333
,,0.344,-32.83,15078.58,818.9767,Cluster,25.0,,3.47,1.28,1.76,9:18,NO,,2007,Cluster_15078.6,True,15078.58,15078.96,35,9.3
,,0.344,-38.97,15084.72,818.6563,Cluster,18.0,,1.81,6.3,,3:44,NO,,2007,Cluster_15084.7,True,15084.72,15085.1,35,3.7333333333333334
,,0.344,-0.73,15086.39,818.5693,Cluster,19.0,,4.32,10.74,,3:12,NO,,2007,Cluster_15086.4,True,15086.39,15086.77,35,3.2
,,0.344,-0.78,15275.68,809.7644,Metal Loss,10.0,,2.09,0.71,,4:48,NO,,2007,Metal Loss_15275.7,True,15275.68,15276.06,-1,4.8
,,0.344,-12.78,15345.69,802.6387,Metal Loss,24.0,,2.05,6.02,1.83,4:20,NO,,2007,Metal Loss_15345.7,True,15345.69,15346.07,-1,4.333333333333333
,,0.344,-2.52,15357.47,801.7592,Metal Loss,16.0,,1.1,1.18,,5:03,NO,,2007,Metal Loss_15357.5,True,15357.47,15357.85,-1,5.05
,,0.344,-15.48,15433.66,805.158,Metal Loss-Manufacturing Anomaly,20.0,,0.51,0.71,,9:43,,,2007,Metal Loss-Manufacturing Anomaly_15433.7,True,15433.66,15434.04,-1,9.716666666666667
,,0.344,-0.71,15564.27,812.2334,Cluster,24.0,,2.72,2.28,1.79,4:49,NO,,2007,Cluster_15564.3,True,15564.27,15564.65,-1,4.816666666666666
,,0.344,-39.71,15957.99,829.9187,Metal Loss,10.0,,0.75,0.83,,3:57,NO,,2007,Metal Loss_15958.0,True,15957.99,15958.37,-1,3.95
,,0.344,-2.36,16000.75,833.4444,Metal Loss-Manufacturing Anomaly,16.0,,0.71,0.59,,7:30,,,2007,Metal Loss-Manufacturing Anomaly_16000.8,True,16000.75,16001.13,-1,7.5
,,0.344,-18.8,16017.19,835.2104,Metal Loss-Manufacturing Anomaly,10.0,,0.79,0.71,,7:29,,,2007,Metal Loss-Manufacturing Anomaly_16017.2,True,16017.19,16017.57,-1,7.483333333333333
,,0.344,-39.03,16436.07,848.2261,Metal Loss,10.0,,0.94,0.67,,4:55,NO,,2007,Metal Loss_16436.1,True,16436.07,16436.45,-1,4.916666666666667
,,0.344,-32.57,16509.36,846.9837,Cluster,35.0,,4.56,11.58,1.63,4:54,NO,,2007,Cluster_16509.4,True,16509.36,16509.74,36,4.9
,,0.344,-33.08,16509.87,846.9737,Metal Loss,10.0,,1.81,2.09,,6:37,NO,,2007,Metal Loss_16509.9,True,16509.87,16510.25,36,6.616666666666667
,,0.344,-38.9,16515.7,846.8592,Cluster,20.0,,3.48,16.19,1.79,6:39,NO,,2007,Cluster_16515.7,True,16515.7,16516.08,36,6.65
,,0.344,-39.01,16595.76,846.2931,Metal Loss,14.0,,2.84,0.71,,8:17,NO,,2007,Metal Loss_16595.8,True,16595.76,16596.14,37,8.283333333333333
,,0.344,-0.83,16597.57,846.29,Metal Loss,12.0,,1.61,0.79,,6:29,NO,,2007,Metal Loss_16597.6,True,16597.57,16597.95,37,6.483333333333333
,,0.344,-0.83,16597.57,846.29,Metal Loss,10.0,,1.69,8.19,,4:50,NO,,2007,Metal Loss_16597.6,True,16597.57,16597.95,37,4.833333333333333
,,0.344,-0.69,16677.37,845.8829,Cluster,18.0,,4.88,24.86,,2:26,NO,,2007,Cluster_16677.4,True,16677.37,16677.75,-1,2.4333333333333336
,,0.344,-0.03,16756.69,845.4098,Cluster,12.0,,4.25,3.86,,3:15,NO,,2007,Cluster_16756.7,True,16756.69,16757.07,-1,3.25
,,0.344,-38.78,18175.87,873.1097,Cluster,20.0,,4.97,6.79,1.74,4:24,NO,,2007,Cluster_18175.9,True,18175.87,18176.25,38,4.4
,,0.344,-38.81,18175.91,873.1085,Metal Loss,18.0,,0.87,0.59,,6:45,NO,,2007,Metal Loss_18175.9,True,18175.91,18176.29,38,6.75
,,0.344,-38.83,18175.92,873.1082,Metal Loss,23.0,,0.87,0.87,1.87,5:58,NO,,2007,Metal Loss_18175.9,True,18175.92,18176.3,38,5.966666666666667
,,0.344,-0.83,18186.01,872.7616,Metal Loss,14.0,,1.1,3.42,,6:02,NO,,2007,Metal Loss_18186.0,True,18186.01,18186.39,38,6.033333333333333
,,0.344,-34.87,18814.52,926.6041,Cluster,67.0,,1.88,3.5,1.64,7:23,NO,,2007,Cluster_18814.5,True,18814.52,18814.9,-1,7.383333333333334
,,0.344,-39.12,19295.4,918.9961,Metal Loss,12.0,,1.02,2.99,,5:17,NO,,2007,Metal Loss_19295.4,True,19295.4,19295.78,-1,5.283333333333333
,,0.344,-14.48,19910.87,876.2111,Metal Loss,10.0,,0.59,0.71,,6:40,NO,,2007,Metal Loss_19910.9,True,19910.87,19911.25,-1,6.666666666666667
,,0.344,-0.34,20016.6,870.459,Metal Loss,10.0,,0.71,0.67,,4:06,NO,,2007,Metal Loss_20016.6,True,20016.6,20016.98,-1,4.1
,,0.344,-38.97,20335.14,843.5754,Cluster,21.0,,3.59,5.01,1.78,6:36,NO,,2007,Cluster_20335.1,True,20335.14,20335.52,39,6.6
,,0.344,-39.16,20335.33,843.5562,Metal Loss,11.0,,1.18,1.89,,7:17,NO,,2007,Metal Loss_20335.3,True,20335.33,20335.710000000003,39,7.283333333333333
,,0.344,-37.5,20413.71,835.537,Metal Loss,11.0,,1.81,2.87,,5:47,NO,,2007,Metal Loss_20413.7,True,20413.71,20414.09,-1,5.783333333333333
,,0.344,-39.22,21019.81,783.2616,Cluster,25.0,,1.85,8.88,1.83,5:07,NO,,2007,Cluster_21019.8,True,21019.81,21020.19,-1,5.116666666666666
,,0.344,-0.68,21282.56,778.8138,Cluster,28.0,,4.84,8.11,1.68,3:53,NO,,2007,Cluster_21282.6,True,21282.56,21282.94,40,3.8833333333333333
,,0.344,-0.7,21282.57,778.8137,Metal Loss,11.0,,1.65,2.28,,8:23,NO,,2007,Metal Loss_21282.6,True,21282.57,21282.95,40,8.383333333333333
,,0.344,-0.71,21282.59,778.8136,Metal Loss,14.0,,1.3,2.05,,9:10,NO,,2007,Metal Loss_21282.6,True,21282.59,21282.97,40,9.166666666666666
,,0.344,-0.71,21282.59,778.8136,Metal Loss,17.0,,1.65,4.21,,7:18,NO,,2007,Metal Loss_21282.6,True,21282.59,21282.97,40,7.3
,,0.344,-22.6,21304.48,778.7127,Metal Loss-Manufacturing Anomaly,14.0,,0.59,0.59,,3:09,,,2007,Metal Loss-Manufacturing Anomaly_21304.5,True,21304.48,21304.86,41,3.15
,,0.344,-25.76,21307.63,778.7003,Cluster,39.0,,7.13,2.98,1.49,6:21,NO,,2007,Cluster_21307.6,True,21307.63,21308.01,41,6.35
,,0.344,-19.97,21341.79,778.6263,Metal Loss,11.0,,3.54,6.1,,5:43,NO,,2007,Metal Loss_21341.8,True,21341.79,21342.17,-1,5.716666666666667
,,0.344,-31.22,21353.03,778.6063,Cluster,23.0,,4.99,17.47,1.72,4:43,NO,,2007,Cluster_21353.0,True,21353.03,21353.41,42,4.716666666666667
,,0.344,-33.64,21355.45,778.6014,Cluster,19.0,,3.02,6.45,,4:01,NO,,2007,Cluster_21355.5,True,21355.45,21355.83,42,4.016666666666667
,,0.344,-39.09,21360.9,778.5886,Metal Loss,26.0,,1.5,7.17,1.85,7:22,NO,,2007,Metal Loss_21360.9,True,21360.9,21361.28,42,7.366666666666666
,,0.344,-0.62,21362.42,778.5846,Cluster,28.0,,3.66,14.43,1.73,7:11,NO,,2007,Cluster_21362.4,True,21362.42,21362.8,42,7.183333333333334
,,0.344,-0.69,21362.49,778.5844,Cluster,32.0,,4.5,9.68,1.66,5:02,NO,,2007,Cluster_21362.5,True,21362.49,21362.870000000003,42,5.033333333333333
,,0.344,-0.73,21362.53,778.5843,Metal Loss,40.0,,3.27,0.63,1.67,4:23,NO,,2007,Metal Loss_21362.5,True,21362.53,21362.91,42,4.383333333333334
,,0.344,-0.75,21362.56,778.5843,Metal Loss,20.0,,0.83,1.89,1.88,3:26,NO,,2007,Metal Loss_21362.6,True,21362.56,21362.94,42,3.4333333333333336
,,0.344,-0.77,21362.58,778.5842,Metal Loss,13.0,,1.3,1.42,,10:47,NO,,2007,Metal Loss_21362.6,True,21362.58,21362.960000000003,42,10.783333333333333
,,0.344,-36.95,21438.79,778.6576,Cluster,64.0,,7.79,19.23,1.12,5:28,NO,,2007,Cluster_21438.8,True,21438.79,21439.17,-1,5.466666666666667
,,0.344,-38.65,21680.42,780.2876,Metal Loss,15.0,,0.75,1.3,,5:27,NO,,2007,Metal Loss_21680.4,True,21680.42,21680.8,43,5.45
,,0.344,-39.61,21681.38,780.2943,Metal Loss,10.0,,2.24,1.3,,6:40,NO,,2007,Metal Loss_21681.4,True,21681.38,21681.76,43,6.666666666666667
,,0.344,-11.02,21815.32,773.1062,Metal Loss,10.0,,0.91,0.87,,6:57,NO,,2007,Metal Loss_21815.3,True,21815.32,21815.7,-1,6.95
,,0.344,-0.77,21845.23,771.2559,Cluster,10.0,,1.36,4.92,,7:22,NO,,2007,Cluster_21845.2,True,21845.23,21845.61,44,7.366666666666666
,,0.344,-0.82,21845.28,771.2542,Metal Loss,11.0,,1.53,6.34,,3:55,NO,,2007,Metal Loss_21845.3,True,21845.28,21845.66,44,3.9166666666666665
,,0.344,-39.04,22083.48,774.7476,Cluster,48.0,,2.83,11.63,1.65,4:39,NO,,2007,Cluster_22083.5,True,22083.48,22083.86,45,4.65
,,0.344,-39.06,22083.5,774.7477,Cluster,16.0,,2.48,11.02,,6:58,NO,,2007,Cluster_22083.5,True,22083.5,22083.88,45,6.966666666666667
,,0.344,-39.05,22483.34,774.7232,Metal Loss,10.0,,2.6,0.71,,6:55,NO,,2007,Metal Loss_22483.3,True,22483.34,22483.72,46,6.916666666666667
,,0.344,-0.92,22485.22,774.7015,Metal Loss-Manufacturing Anomaly,11.0,,3.39,0.71,,12:26,,,2007,Metal Loss-Manufacturing Anomaly_22485.2,True,22485.22,22485.6,46,12.433333333333334
,,0.344,-30.62,22651.75,773.3812,Metal Loss-Manufacturing Anomaly,13.0,,0.83,0.55,,2:52,,,2007,Metal Loss-Manufacturing Anomaly_22651.8,True,22651.75,22652.13,-1,2.8666666666666667
,,0.344,-0.87,22781.94,772.2973,Cluster,18.0,,3.26,5.59,,5:45,NO,,2007,Cluster_22781.9,True,22781.94,22782.32,-1,5.75
,,0.344,-0.76,22941.65,771.6572,Cluster,15.0,,3.23,7.6,,5:59,NO,,2007,Cluster_22941.7,True,22941.65,22942.03,-1,5.983333333333333
,,0.344,-0.82,23022.0,768.1988,Metal Loss,14.0,,1.06,0.94,,5:20,NO,,2007,Metal Loss_23022.0,True,23022.0,23022.38,47,5.333333333333333
,,0.344,-8.2,23029.38,767.9388,Metal Loss-Manufacturing Anomaly,12.0,,0.47,0.71,,7:20,,,2007,Metal Loss-Manufacturing Anomaly_23029.4,True,23029.38,23029.76,47,7.333333333333333
,,0.344,-11.15,23032.33,767.8694,Metal Loss-Manufacturing Anomaly,10.0,,0.63,0.71,,3:33,,,2007,Metal Loss-Manufacturing Anomaly_23032.3,True,23032.33,23032.710000000003,47,3.55
,,0.344,-20.19,23161.46,771.7922,Metal Loss-Manufacturing Anomaly,10.0,,3.35,1.22,,1:50,,,2007,Metal Loss-Manufacturing Anomaly_23161.5,True,23161.46,23161.84,48,1.8333333333333335
,,0.344,-20.8,23162.08,771.7985,Metal Loss-Manufacturing Anomaly,25.0,,5.2,0.71,,1:40,,,2007,Metal Loss-Manufacturing Anomaly_23162.1,True,23162.08,23162.460000000003,48,1.6666666666666665
,,0.344,-0.71,23608.37,775.1361,Cluster,15.0,,2.78,17.2,,2:39,YES,,2007,Cluster_23608.4,True,23608.37,23608.75,-1,2.65
,,0.344,-28.08,23635.74,774.9633,Cluster,23.0,,5.95,8.4,1.69,12:17,NO,,2007,Cluster_23635.7,True,23635.74,23636.120000000003,49,12.283333333333333
,,0.344,-37.27,23644.93,774.898,Metal Loss-Manufacturing Anomaly,10.0,,0.51,0.71,,8:36,,,2007,Metal Loss-Manufacturing Anomaly_23644.9,True,23644.93,23645.31,49,8.6
,,0.344,-26.68,23674.28,774.7318,Cluster,29.0,,2.45,28.97,1.79,3:05,NO,,2007,Cluster_23674.3,True,23674.28,23674.66,50,3.0833333333333335
,,0.344,-26.69,23674.29,774.7317,Metal Loss,14.0,,2.09,1.3,,8:03,NO,,2007,Metal Loss_23674.3,True,23674.29,23674.67,50,8.05
,,0.344,-26.74,23674.34,774.7315,Cluster,16.0,,1.39,6.24,,8:54,NO,,2007,Cluster_23674.3,True,23674.34,23674.72,50,8.9
,,0.344,-0.74,23675.98,774.7247,Metal Loss,26.0,,0.98,1.14,1.87,5:09,NO,,2007,Metal Loss_23676.0,True,23675.98,23676.36,50,5.15
,,0.344,-38.92,23754.1,774.7485,Cluster,38.0,,3.04,10.01,1.7,5:28,NO,,2007,Cluster_23754.1,True,23754.1,23754.48,-1,5.466666666666667
,,0.344,-3.76,24662.22,789.5692,Metal Loss-Manufacturing Anomaly,13.0,,3.78,2.01,,8:55,,,2007,Metal Loss-Manufacturing Anomaly_24662.2,True,24662.22,24662.6,-1,8.916666666666666
,,0.344,-39.04,25249.8,799.1802,Cluster,14.0,,1.14,5.8,,5:52,NO,,2007,Cluster_25249.8,True,25249.8,25250.18,-1,5.866666666666667
,,0.344,-37.76,25875.11,764.8979,Metal Loss-Manufacturing Anomaly,12.0,,0.55,0.71,,2:14,,,2007,Metal Loss-Manufacturing Anomaly_25875.1,True,25875.11,25875.49,-1,2.2333333333333334
,,0.344,-3.85,26080.87,791.0148,Metal Loss-Manufacturing Anomaly,10.0,,0.67,0.59,,12:05,,,2007,Metal Loss-Manufacturing Anomaly_26080.9,True,26080.87,26081.25,-1,12.083333333333334
,,0.344,-39.13,26416.04,805.8494,Metal Loss-Manufacturing Anomaly,21.0,,3.62,0.59,,3:32,,,2007,Metal Loss-Manufacturing Anomaly_26416.0,True,26416.04,26416.42,-1,3.533333333333333
,,0.344,-38.59,26867.58,805.9027,Metal Loss,15.0,,1.38,1.5,,7:27,NO,,2007,Metal Loss_26867.6,True,26867.58,26867.960000000003,51,7.45
,,0.344,-38.92,26867.91,805.8889,Metal Loss,14.0,,1.58,2.01,,7:48,NO,,2007,Metal Loss_26867.9,True,26867.91,26868.29,51,7.8
,,0.344,-38.93,26867.93,805.8881,Cluster,31.0,,1.33,11.88,1.85,4:23,NO,,2007,Cluster_26867.9,True,26867.93,26868.31,51,4.383333333333334
,,0.344,-39.18,26868.17,805.878,Cluster,22.0,,2.58,2.83,1.81,6:05,NO,,2007,Cluster_26868.2,True,26868.17,26868.55,51,6.083333333333333
,,0.344,-39.0,26930.57,799.6205,Cluster,12.0,,3.12,4.82,,2:11,NO,,2007,Cluster_26930.6,True,26930.57,26930.95,-1,2.183333333333333
,,0.344,-0.74,26946.29,797.2376,Metal Loss,25.0,,2.68,0.71,1.79,12:24,NO,,2007,Metal Loss_26946.3,True,26946.29,26946.67,-1,12.4
,,0.344,-0.86,27316.61,806.7631,Metal Loss-Manufacturing Anomaly,16.0,,0.91,0.83,,5:54,,,2007,Metal Loss-Manufacturing Anomaly_27316.6,True,27316.61,27316.99,-1,5.9
,,0.344,-23.68,27579.43,805.2976,Metal Loss-Manufacturing Anomaly,12.0,,5.24,1.38,,1:21,,,2007,Metal Loss-Manufacturing Anomaly_27579.4,True,27579.43,27579.81,52,1.35
,,0.344,-25.46,27581.21,805.3021,Metal Loss-Manufacturing Anomaly,24.0,,3.9,0.87,,1:09,,,2007,Metal Loss-Manufacturing Anomaly_27581.2,True,27581.21,27581.59,52,1.15
,,0.344,-26.35,27582.11,805.3051,Metal Loss-Manufacturing Anomaly,21.0,,3.42,0.75,,1:04,,,2007,Metal Loss-Manufacturing Anomaly_27582.1,True,27582.11,27582.49,52,1.0666666666666667
,,0.344,-26.81,27582.56,805.3066,Metal Loss-Manufacturing Anomaly,11.0,,3.46,2.17,,1:01,,,2007,Metal Loss-Manufacturing Anomaly_27582.6,True,27582.56,27582.94,52,1.0166666666666666
,,0.344,-27.12,27582.88,805.3076,Metal Loss-Manufacturing Anomaly,21.0,,3.39,0.75,,1:15,,,2007,Metal Loss-Manufacturing Anomaly_27582.9,True,27582.88,27583.26,52,1.25
,,0.344,-16.37,27892.3,805.9289,Metal Loss-Manufacturing Anomaly,10.0,,3.23,1.06,,8:17,,,2007,Metal Loss-Manufacturing Anomaly_27892.3,True,27892.3,27892.68,-1,8.283333333333333
,,0.344,-28.97,27944.8,803.8386,Metal Loss-Manufacturing Anomaly,20.0,,1.06,1.18,,10:04,,,2007,Metal Loss-Manufacturing Anomaly_27944.8,True,27944.8,27945.18,-1,10.066666666666666
,,0.344,-18.8,28027.51,795.4539,Metal Loss-Manufacturing Anomaly,10.0,,0.43,0.71,,7:02,,,2007,Metal Loss-Manufacturing Anomaly_28027.5,True,28027.51,28027.89,-1,7.033333333333333
,,0.344,-17.92,28207.03,796.3722,Metal Loss-Manufacturing Anomaly,17.0,,4.33,1.42,,10:31,,,2007,Metal Loss-Manufacturing Anomaly_28207.0,True,28207.03,28207.41,-1,10.516666666666667
,,0.344,-8.91,28783.01,779.511,Metal Loss-Manufacturing Anomaly,13.0,,6.3,1.89,,4:47,,,2007,Metal Loss-Manufacturing Anomaly_28783.0,True,28783.01,28783.39,-1,4.783333333333333
,,0.344,-0.61,28814.67,779.3579,Cluster,30.0,,4.73,21.05,1.66,4:06,NO,,2007,Cluster_28814.7,True,28814.67,28815.05,-1,4.1
,,0.344,-38.85,29052.98,775.465,Cluster,42.0,,5.77,42.81,1.5,3:20,NO,,2007,Cluster_29053.0,True,29052.98,29053.36,-1,3.3333333333333335
,,0.344,-0.62,29128.12,775.1613,Cluster,38.0,,3.5,20.36,1.66,3:54,NO,,2007,Cluster_29128.1,True,29128.12,29128.5,-1,3.9
,,0.344,-19.04,29146.54,774.8961,Cluster,35.0,,8.46,10.87,1.5,5:29,NO,,2007,Cluster_29146.5,True,29146.54,29146.92,-1,5.483333333333333
,,0.344,-38.99,29206.49,773.7111,Metal Loss,38.0,,2.09,9.8,1.77,7:27,NO,,2007,Metal Loss_29206.5,True,29206.49,29206.870000000003,53,7.45
,,0.344,-39.04,29206.54,773.7098,Metal Loss,17.0,,1.18,5.95,,3:42,NO,,2007,Metal Loss_29206.5,True,29206.54,29206.92,53,3.7
,,0.344,-39.1,29206.61,773.708,Cluster,32.0,,4.13,10.41,1.67,5:14,YES,,2007,Cluster_29206.6,True,29206.61,29206.99,53,5.233333333333333
,,0.344,-0.58,29207.99,773.67,Cluster,21.0,,6.46,3.65,1.7,4:48,NO,,2007,Cluster_29208.0,True,29207.99,29208.370000000003,53,4.8
,,0.344,-0.67,29208.08,773.6676,Cluster,11.0,,4.93,6.08,,6:29,NO,,2007,Cluster_29208.1,True,29208.08,29208.460000000003,53,6.483333333333333
,,0.344,-0.72,29208.13,773.6661,Metal Loss,36.0,,4.41,1.18,1.63,5:52,NO,,2007,Metal Loss_29208.1,True,29208.13,29208.51,53,5.866666666666667
,,0.344,-3.26,29410.95,768.9311,Metal Loss,13.0,,1.38,1.06,,5:40,NO,,2007,Metal Loss_29411.0,True,29410.95,29411.33,54,5.666666666666667
,,0.344,-7.14,29414.83,768.8315,Cluster,11.0,,4.56,6.12,,5:57,NO,,2007,Cluster_29414.8,True,29414.83,29415.210000000003,54,5.95
,,0.344,-9.95,29417.63,768.759,Cluster,22.0,,6.3,3.35,1.69,5:18,NO,,2007,Cluster_29417.6,True,29417.63,29418.01,54,5.3
,,0.344,-11.84,29419.53,768.7094,Cluster,22.0,,4.18,2.91,1.75,5:17,NO,,2007,Cluster_29419.5,True,29419.53,29419.91,54,5.283333333333333
,,0.344,-39.22,29446.91,767.9813,Metal Loss,15.0,,0.91,1.22,,4:57,NO,,2007,Metal Loss_29446.9,True,29446.91,29447.29,55,4.95
,,0.344,-39.24,29446.92,767.9809,Metal Loss,42.0,,1.02,3.86,1.85,8:22,NO,,2007,Metal Loss_29446.9,True,29446.92,29447.3,55,8.366666666666667
,,0.344,-5.08,29452.86,767.7999,Metal Loss-Manufacturing Anomaly,15.0,,0.55,0.71,,6:28,,,2007,Metal Loss-Manufacturing Anomaly_29452.9,True,29452.86,29453.24,55,6.466666666666667
,,0.344,-30.33,30262.24,765.6902,Metal Loss,10.0,,1.26,1.65,,6:20,NO,,2007,Metal Loss_30262.2,True,30262.24,30262.620000000003,56,6.333333333333333
,,0.344,-32.09,30264.0,765.6245,Metal Loss,10.0,,1.06,1.14,,4:47,NO,,2007,Metal Loss_30264.0,True,30264.0,30264.38,56,4.783333333333333
,,0.344,-0.56,30471.96,761.7262,Cluster,17.0,,4.76,11.46,,6:06,NO,,2007,Cluster_30472.0,True,30471.96,30472.34,-1,6.1
,,0.344,-19.71,30570.99,761.7328,Metal Loss-Manufacturing Anomaly,19.0,,3.31,0.55,,11:29,,,2007,Metal Loss-Manufacturing Anomaly_30571.0,True,30570.99,30571.370000000003,57,11.483333333333333
,,0.344,-22.16,30573.44,761.7224,Metal Loss-Manufacturing Anomaly,10.0,,4.17,4.25,,11:38,,,2007,Metal Loss-Manufacturing Anomaly_30573.4,True,30573.44,30573.82,57,11.633333333333333
,,0.344,-22.74,30574.03,761.7199,Metal Loss-Manufacturing Anomaly,26.0,,3.66,0.71,,11:51,,,2007,Metal Loss-Manufacturing Anomaly_30574.0,True,30574.03,30574.41,57,11.85
,,0.344,-23.47,30574.76,761.7168,Metal Loss-Manufacturing Anomaly,10.0,,3.11,0.87,,11:36,,,2007,Metal Loss-Manufacturing Anomaly_30574.8,True,30574.76,30575.14,57,11.6
,,0.344,-24.82,30576.1,761.7112,Metal Loss-Manufacturing Anomaly,15.0,,3.58,7.01,,11:33,,,2007,Metal Loss-Manufacturing Anomaly_30576.1,True,30576.1,30576.48,57,11.55
,,0.344,-25.58,30576.86,761.7079,Metal Loss-Manufacturing Anomaly,10.0,,3.23,1.58,,11:42,,,2007,Metal Loss-Manufacturing Anomaly_30576.9,True,30576.86,30577.24,57,11.7
,,0.344,-26.01,30577.29,761.7061,Metal Loss-Manufacturing Anomaly,14.0,,4.02,3.74,,11:30,,,2007,Metal Loss-Manufacturing Anomaly_30577.3,True,30577.29,30577.67,57,11.5
,,0.344,-26.71,30577.99,761.7032,Metal Loss-Manufacturing Anomaly,10.0,,4.13,8.66,,11:20,,,2007,Metal Loss-Manufacturing Anomaly_30578.0,True,30577.99,30578.370000000003,57,11.333333333333334
,,0.344,-27.33,30578.61,761.7006,Metal Loss-Manufacturing Anomaly,28.0,,3.94,6.38,,11:28,,,2007,Metal Loss-Manufacturing Anomaly_30578.6,True,30578.61,30578.99,57,11.466666666666667
,,0.344,-5.65,30676.87,761.3112,Metal Loss-Manufacturing Anomaly,17.0,,3.03,0.55,,6:24,,,2007,Metal Loss-Manufacturing Anomaly_30676.9,True,30676.87,30677.25,58,6.4
,,0.344,-5.65,30676.88,761.3111,Metal Loss-Manufacturing Anomaly,13.0,,2.79,0.63,,6:34,,,2007,Metal Loss-Manufacturing Anomaly_30676.9,True,30676.88,30677.26,58,6.566666666666666
,,0.344,-5.28,31013.67,759.3892,Metal Loss-Manufacturing Anomaly,15.0,,0.47,0.71,,4:16,,,2007,Metal Loss-Manufacturing Anomaly_31013.7,True,31013.67,31014.05,-1,4.266666666666667
,,0.344,-0.68,31509.12,760.0275,Cluster,31.0,,6.41,31.02,1.6,2:17,NO,,2007,Cluster_31509.1,True,31509.12,31509.5,59,2.283333333333333
,,0.344,-0.79,31509.22,760.0281,Cluster,14.0,,3.59,14.6,,10:05,NO,,2007,Cluster_31509.2,True,31509.22,31509.6,59,10.083333333333334
,,0.344,-0.7,31549.2,760.2205,Cluster,28.0,,5.63,6.43,1.65,2:54,NO,,2007,Cluster_31549.2,True,31549.2,31549.58,60,2.9
,,0.344,-0.7,31549.2,760.2205,Cluster,12.0,,4.92,4.34,,5:24,NO,,2007,Cluster_31549.2,True,31549.2,31549.58,60,5.4
,,0.344,-2.56,31551.06,760.2221,Cluster,11.0,,6.3,7.92,,11:30,NO,,2007,Cluster_31551.1,True,31551.06,31551.44,60,11.5
,,0.344,-0.77,31574.91,759.8604,Cluster,52.0,,4.91,8.27,1.43,6:22,NO,,2007,Cluster_31574.9,True,31574.91,31575.29,61,6.366666666666666
,,0.344,-0.8,31574.95,759.8592,Cluster,10.0,,3.01,5.43,,3:58,NO,,2007,Cluster_31575.0,True,31574.95,31575.33,61,3.966666666666667
,,0.344,-0.81,31574.96,759.8589,Metal Loss,24.0,,4.13,2.28,1.74,5:29,NO,,2007,Metal Loss_31575.0,True,31574.96,31575.34,61,5.483333333333333
,,0.344,-9.33,31583.48,759.5674,Metal Loss,19.0,,1.42,1.77,,6:28,NO,,2007,Metal Loss_31583.5,True,31583.48,31583.86,61,6.466666666666667
,,0.344,-1.53,31586.57,759.4611,Metal Loss,16.0,,1.3,3.62,,5:46,NO,,2007,Metal Loss_31586.6,True,31586.57,31586.95,61,5.766666666666667
,,0.344,-39.04,31980.44,754.9454,Cluster,13.0,,3.34,16.86,,4:26,NO,,2007,Cluster_31980.4,True,31980.44,31980.82,-1,4.433333333333334
,,0.344,-28.99,32514.08,725.6285,Cluster,16.0,,4.18,2.2,,11:34,NO,,2007,Cluster_32514.1,True,32514.08,32514.460000000003,-1,11.566666666666666
,,0.344,-0.77,32594.86,739.352,Cluster,28.0,,1.45,3.58,1.84,6:40,NO,,2007,Cluster_32594.9,True,32594.86,32595.24,62,6.666666666666667
,,0.344,-0.82,32594.9,739.3589,Metal Loss,10.0,,0.94,1.34,,4:25,NO,,2007,Metal Loss_32594.9,True,32594.9,32595.28,62,4.416666666666667
,,0.344,-13.11,32925.21,749.6401,Cluster,31.0,,21.61,16.78,1.46,7:20,NO,,2007,Cluster_32925.2,True,32925.21,32925.59,63,7.333333333333333
,,0.344,-13.89,32925.99,749.6223,Cluster,21.0,,4.21,2.89,1.75,6:17,NO,,2007,Cluster_32926.0,True,32925.99,32926.369999999995,63,6.283333333333333
,,0.344,-15.03,32927.13,749.5958,Metal Loss,19.0,,1.46,0.75,,6:53,NO,,2007,Metal Loss_32927.1,True,32927.13,32927.509999999995,63,6.883333333333333
,,0.344,-16.2,32928.3,749.5687,Cluster,14.0,,2.57,5.09,,7:17,NO,,2007,Cluster_32928.3,True,32928.3,32928.68,63,7.283333333333333
,,0.344,-0.74,32952.77,749.0267,Cluster,10.0,,2.57,2.49,,7:12,NO,,2007,Cluster_32952.8,True,32952.77,32953.149999999994,-1,7.2
,,0.344,-39.04,33031.11,747.9919,Cluster,10.0,,2.95,5.63,,7:25,NO,,2007,Cluster_33031.1,True,33031.11,33031.49,64,7.416666666666667
,,0.344,-39.07,33031.14,747.9916,Cluster,15.0,,1.87,10.12,,4:42,NO,,2007,Cluster_33031.1,True,33031.14,33031.52,64,4.7
,,0.344,-0.79,33032.88,747.9696,Cluster,10.0,,0.88,2.51,,3:34,NO,,2007,Cluster_33032.9,True,33032.88,33033.259999999995,64,3.5666666666666664
,,0.344,-0.79,33112.92,747.1422,Cluster,12.0,,2.48,4.75,,4:02,NO,,2007,Cluster_33112.9,True,33112.92,33113.299999999996,-1,4.033333333333333
,,0.344,-38.72,33190.85,746.5087,Metal Loss,11.0,,3.66,7.36,,7:24,NO,,2007,Metal Loss_33190.8,True,33190.85,33191.229999999996,-1,7.4
,,0.344,-32.28,33304.46,744.7818,Cluster,28.0,,4.36,6.72,1.7,11:47,NO,,2007,Cluster_33304.5,True,33304.46,33304.84,65,11.783333333333333
,,0.344,-32.8,33304.98,744.7765,Cluster,11.0,,3.67,5.55,,11:35,NO,,2007,Cluster_33305.0,True,33304.98,33305.36,65,11.583333333333334
,,0.344,-23.38,33374.95,744.1882,Cluster,23.0,,3.55,1.91,1.76,6:10,NO,,2007,Cluster_33374.9,True,33374.95,33375.329999999994,66,6.166666666666667
,,0.344,-29.78,33381.36,744.1271,Cluster,31.0,,1.76,1.32,1.82,5:32,NO,,2007,Cluster_33381.4,True,33381.36,33381.74,66,5.533333333333333
,,0.344,-30.26,33381.84,744.1223,Cluster,29.0,,4.33,4.63,1.69,5:24,NO,,2007,Cluster_33381.8,True,33381.84,33382.219999999994,66,5.4
,,0.344,-31.6,33383.18,744.1089,Cluster,13.0,,4.98,1.64,,5:52,NO,,2007,Cluster_33383.2,True,33383.18,33383.56,66,5.866666666666667
,,0.344,-38.71,33390.29,744.034,Cluster,20.0,,6.35,4.38,1.71,5:33,NO,,2007,Cluster_33390.3,True,33390.29,33390.67,66,5.55
,,0.344,-14.08,33405.66,743.7271,Metal Loss,15.0,,2.05,1.5,,4:30,NO,,2007,Metal Loss_33405.7,True,33405.66,33406.04,67,4.5
,,0.344,-14.38,33405.96,743.7201,Metal Loss,10.0,,1.69,1.58,,4:20,NO,,2007,Metal Loss_33406.0,True,33405.96,33406.34,67,4.333333333333333
,,0.344,-39.13,33430.71,743.1343,Cluster,21.0,,2.27,10.7,1.83,7:48,NO,,2007,Cluster_33430.7,True,33430.71,33431.09,-1,7.8
,,0.344,-8.19,33479.84,742.2173,Metal Loss,13.0,,0.75,0.63,,11:34,NO,,2007,Metal Loss_33479.8,True,33479.84,33480.219999999994,68,11.566666666666666
,,0.344,-8.58,33480.23,742.2106,Cluster,26.0,,3.61,3.29,1.74,12:28,NO,,2007,Cluster_33480.2,True,33480.23,33480.61,68,12.466666666666667
,,0.344,-8.7,33480.35,742.2086,Cluster,13.0,,3.37,2.1,,11:17,NO,,2007,Cluster_33480.3,True,33480.35,33480.729999999996,68,11.283333333333333
,,0.344,-9.4,33481.04,742.1967,Metal Loss,15.0,,0.79,0.71,,10:56,NO,,2007,Metal Loss_33481.0,True,33481.04,33481.42,68,10.933333333333334
,,0.344,-0.65,33512.3,742.0768,Cluster,33.0,,4.28,21.68,1.66,5:03,NO,,2007,Cluster_33512.3,True,33512.3,33512.68,-1,5.05
,,0.344,-0.74,33592.28,742.8578,Cluster,25.0,,4.87,17.39,1.7,4:46,NO,,2007,Cluster_33592.3,True,33592.28,33592.659999999996,-1,4.766666666666667
,,0.344,-7.35,33638.82,742.6487,Metal Loss,10.0,,2.99,0.67,,2:35,NO,,2007,Metal Loss_33638.8,True,33638.82,33639.2,-1,2.5833333333333335
,,0.344,-38.93,33670.4,742.2473,Cluster,10.0,,2.71,8.94,,6:53,NO,,2007,Cluster_33670.4,True,33670.4,33670.78,-1,6.883333333333333
,,0.344,-39.28,33750.65,740.3107,Cluster,34.0,,0.94,5.43,1.86,7:58,YES,,2007,Cluster_33750.7,True,33750.65,33751.03,69,7.966666666666667
,,0.344,-1.96,33753.51,740.186,Metal Loss,13.0,,1.06,1.1,,12:25,NO,,2007,Metal Loss_33753.5,True,33753.51,33753.89,69,12.416666666666666
,,0.344,-0.78,33817.11,737.7441,Metal Loss,36.0,,0.91,8.35,1.86,12:26,NO,,2007,Metal Loss_33817.1,True,33817.11,33817.49,-1,12.433333333333334
,,0.344,-36.73,33853.06,738.0195,Metal Loss,10.0,,1.1,1.18,,11:57,NO,,2007,Metal Loss_33853.1,True,33853.06,33853.439999999995,70,11.95
,,0.344,-37.04,33853.37,738.0185,Metal Loss,12.0,,0.71,0.71,,12:04,NO,,2007,Metal Loss_33853.4,True,33853.37,33853.75,70,12.066666666666666
,,0.344,-39.1,33895.42,737.4701,Metal Loss,16.0,,0.71,1.53,,11:00,NO,,2007,Metal Loss_33895.4,True,33895.42,33895.799999999996,-1,11.0
,,0.344,-12.79,33949.1,736.746,Metal Loss,13.0,,2.84,2.36,,4:01,NO,,2007,Metal Loss_33949.1,True,33949.1,33949.479999999996,-1,4.016666666666667
,,0.344,-38.98,33975.28,736.1627,Metal Loss,18.0,,3.7,0.87,,9:10,NO,,2007,Metal Loss_33975.3,True,33975.28,33975.659999999996,71,9.166666666666666
,,0.344,-39.02,33975.32,736.1619,Cluster,10.0,,2.64,8.5,,7:27,NO,,2007,Cluster_33975.3,True,33975.32,33975.7,71,7.45
,,0.344,-39.08,33975.39,736.1604,Cluster,16.0,,2.63,7.23,,9:43,NO,,2007,Cluster_33975.4,True,33975.39,33975.77,71,9.716666666666667
,,0.344,-8.15,34024.54,735.0509,Cluster,18.0,,4.12,3.94,,6:25,YES,,2007,Cluster_34024.5,True,34024.54,34024.92,72,6.416666666666667
,,0.344,-8.66,34025.04,735.0451,Cluster,25.0,,2.81,3.37,1.79,6:19,YES,,2007,Cluster_34025.0,True,34025.04,34025.42,72,6.316666666666666
,,0.344,-39.18,34055.57,734.6328,Metal Loss,21.0,,1.38,4.41,1.86,10:28,NO,,2007,Metal Loss_34055.6,True,34055.57,34055.95,73,10.466666666666667
,,0.344,-0.77,34057.22,734.6066,Metal Loss,11.0,,0.71,0.67,,10:43,NO,,2007,Metal Loss_34057.2,True,34057.22,34057.6,73,10.716666666666667
,,0.344,-0.71,34137.11,733.6085,Cluster,22.0,,2.92,11.5,1.8,6:35,NO,,2007,Cluster_34137.1,True,34137.11,34137.49,74,6.583333333333333
,,0.344,-0.72,34137.13,733.6084,Cluster,19.0,,2.6,14.89,,3:40,NO,,2007,Cluster_34137.1,True,34137.13,34137.509999999995,74,3.6666666666666665
,,0.344,-0.75,34137.15,733.6083,Metal Loss,14.0,,2.72,3.5,,2:39,NO,,2007,Metal Loss_34137.2,True,34137.15,34137.53,74,2.65
,,0.344,-21.29,34859.79,722.8022,Metal Loss-Manufacturing Anomaly,15.0,,0.59,0.87,,6:58,,,2007,Metal Loss-Manufacturing Anomaly_34859.8,True,34859.79,34860.17,75,6.966666666666667
,,0.344,-22.81,34861.31,722.7324,Metal Loss-Manufacturing Anomaly,17.0,,0.71,0.71,,10:50,,,2007,Metal Loss-Manufacturing Anomaly_34861.3,True,34861.31,34861.689999999995,75,10.833333333333334
,,0.344,-0.8,34919.27,720.0421,Cluster,10.0,,0.61,3.27,,11:18,NO,,2007,Cluster_34919.3,True,34919.27,34919.649999999994,-1,11.3
,,0.344,-0.85,35581.29,720.0574,Metal Loss,15.0,,0.83,1.06,,5:59,NO,,2007,Metal Loss_35581.3,True,35581.29,35581.67,-1,5.983333333333333
,,0.344,-18.23,35798.42,721.1338,Metal Loss-Manufacturing Anomaly,18.0,,0.47,0.71,,6:16,,,2007,Metal Loss-Manufacturing Anomaly_35798.4,True,35798.42,35798.799999999996,-1,6.266666666666667
,,0.344,-0.51,35820.7,721.0735,Cluster,32.0,,4.37,2.54,1.66,4:02,NO,,2007,Cluster_35820.7,True,35820.7,35821.079999999994,76,4.033333333333333
,,0.344,-0.66,35820.85,721.0733,Metal Loss,18.0,,2.28,9.8,,4:54,NO,,2007,Metal Loss_35820.8,True,35820.85,35821.229999999996,76,4.9
,,0.344,-0.71,35820.89,721.0732,Cluster,22.0,,1.6,7.23,1.85,8:16,NO,,2007,Cluster_35820.9,True,35820.89,35821.27,76,8.266666666666667
,,0.344,-0.74,35820.93,721.0731,Metal Loss,13.0,,0.71,1.69,,10:53,NO,,2007,Metal Loss_35820.9,True,35820.93,35821.31,76,10.883333333333333
,,0.344,-0.85,36460.28,719.5979,Metal Loss-Manufacturing Anomaly,10.0,,1.02,0.71,,6:58,,,2007,Metal Loss-Manufacturing Anomaly_36460.3,True,36460.28,36460.66,-1,6.966666666666667
,,0.344,-34.12,38383.95,741.9433,Metal Loss-Manufacturing Anomaly,16.0,,3.78,2.52,,9:43,,,2007,Metal Loss-Manufacturing Anomaly_38383.9,True,38383.95,38384.329999999994,-1,9.716666666666667
,,0.344,-28.08,39144.72,678.0669,Metal Loss,10.0,,0.98,1.18,,6:32,NO,,2007,Metal Loss_39144.7,True,39144.72,39145.1,-1,6.533333333333333
,,0.344,-21.94,39334.75,672.6224,Cluster,16.0,,4.36,8.99,,5:25,NO,,2007,Cluster_39334.8,True,39334.75,39335.13,77,5.416666666666667
,,0.344,-0.03,39335.7,672.5915,Cluster,10.0,,2.33,12.3,,2:06,NO,,2007,Cluster_39335.7,True,39335.7,39336.079999999994,77,2.1
,,0.344,-0.68,39405.56,675.4804,Cluster,17.0,,3.44,9.03,,8:55,NO,,2007,Cluster_39405.6,True,39405.56,39405.939999999995,-1,8.916666666666666
,,0.344,-35.02,39479.9,675.0699,Metal Loss,17.0,,0.79,0.91,,8:12,NO,,2007,Metal Loss_39479.9,True,39479.9,39480.28,-1,8.2
,,0.344,-0.5,39530.85,674.9919,Metal Loss,15.0,,1.18,1.81,,5:56,NO,,2007,Metal Loss_39530.8,True,39530.85,39531.23,-1,5.933333333333334
,,0.344,-0.67,39553.36,675.067,Cluster,39.0,,4.88,30.98,1.57,3:01,NO,,2007,Cluster_39553.4,True,39553.36,39553.74,-1,3.0166666666666666
,,0.344,-0.07,39592.67,676.6229,Cluster,25.0,,4.07,6.33,1.73,8:40,NO,,2007,Cluster_39592.7,True,39592.67,39593.05,78,8.666666666666666
,,0.344,-0.72,39593.33,676.7097,Cluster,18.0,,2.83,6.62,,7:38,NO,,2007,Cluster_39593.3,True,39593.33,39593.71,78,7.633333333333333
,,0.344,-0.76,39593.37,676.7153,Cluster,27.0,,3.28,9.26,1.75,2:27,NO,,2007,Cluster_39593.4,True,39593.37,39593.75,78,2.45
,,0.344,-1.4,39641.08,685.0586,Cluster,31.0,,5.05,14.2,1.64,2:02,NO,,2007,Cluster_39641.1,True,39641.08,39641.46,79,2.033333333333333
,,0.344,-2.06,39641.74,685.1808,Cluster,33.0,,3.32,9.3,1.71,6:58,NO,,2007,Cluster_39641.7,True,39641.74,39642.119999999995,79,6.966666666666667
,,0.344,-2.17,39747.57,698.3476,Metal Loss,11.0,,1.42,1.34,,4:10,NO,,2007,Metal Loss_39747.6,True,39747.57,39747.95,-1,4.166666666666667
,,0.344,-18.92,40008.62,717.7519,Metal Loss-Manufacturing Anomaly,10.0,,1.46,0.71,,5:02,,,2007,Metal Loss-Manufacturing Anomaly_40008.6,True,40008.62,40009.0,80,5.033333333333333
,,0.344,-19.8,40009.5,717.7555,Metal Loss-Manufacturing Anomaly,10.0,,0.59,0.71,,8:37,,,2007,Metal Loss-Manufacturing Anomaly_40009.5,True,40009.5,40009.88,80,8.616666666666667
,,0.344,-39.01,40668.73,714.1151,Cluster,18.0,,1.97,1.47,,7:57,NO,,2007,Cluster_40668.7,True,40668.73,40669.11,-1,7.95
,,0.344,-20.89,41011.08,709.3366,Metal Loss-Manufacturing Anomaly,10.0,,3.03,1.3,,10:13,,,2007,Metal Loss-Manufacturing Anomaly_41011.1,True,41011.08,41011.46,-1,10.216666666666667
,,0.344,-20.98,41131.05,710.941,Metal Loss-Manufacturing Anomaly,14.0,,3.66,1.02,,10:09,,,2007,Metal Loss-Manufacturing Anomaly_41131.1,True,41131.05,41131.43,-1,10.15
,,0.344,-17.77,41163.99,711.6486,Metal Loss-Manufacturing Anomaly,12.0,,4.17,1.77,,2:09,,,2007,Metal Loss-Manufacturing Anomaly_41164.0,True,41163.99,41164.369999999995,81,2.15
,,0.344,-19.55,41165.77,711.6819,Metal Loss-Manufacturing Anomaly,16.0,,0.59,0.63,,8:12,,,2007,Metal Loss-Manufacturing Anomaly_41165.8,True,41165.77,41166.149999999994,81,8.2
,,0.344,-20.75,41166.98,711.7044,Metal Loss-Manufacturing Anomaly,11.0,,3.78,1.42,,2:06,,,2007,Metal Loss-Manufacturing Anomaly_41167.0,True,41166.98,41167.36,81,2.1
,,0.344,-24.07,41170.29,711.7665,Metal Loss-Manufacturing Anomaly,30.0,,3.82,5.55,,1:54,,,2007,Metal Loss-Manufacturing Anomaly_41170.3,True,41170.29,41170.67,81,1.9
,,0.344,-28.33,41174.55,711.8432,Metal Loss-Manufacturing Anomaly,11.0,,0.47,0.59,,11:58,,,2007,Metal Loss-Manufacturing Anomaly_41174.6,True,41174.55,41174.93,81,11.966666666666667
,,0.344,-0.72,41466.16,710.3511,Cluster,29.0,,5.0,10.54,1.66,4:44,NO,,2007,Cluster_41466.2,True,41466.16,41466.54,82,4.733333333333333
,,0.344,-0.73,41466.18,710.3507,Cluster,21.0,,5.56,2.58,1.72,6:45,NO,,2007,Cluster_41466.2,True,41466.18,41466.56,82,6.75
,,0.344,-0.82,41466.26,710.3486,Cluster,14.0,,0.97,3.27,,3:19,NO,,2007,Cluster_41466.3,True,41466.26,41466.64,82,3.3166666666666664
,,0.344,-20.52,41485.96,709.7136,Cluster,15.0,,4.38,3.16,,9:33,NO,,2007,Cluster_41486.0,True,41485.96,41486.34,83,9.55
,,0.344,-20.8,41486.24,709.7041,Cluster,17.0,,2.56,2.39,,10:16,NO,,2007,Cluster_41486.2,True,41486.24,41486.619999999995,83,10.266666666666667
,,0.344,-21.15,41486.59,709.6922,Metal Loss,15.0,,1.14,1.26,,10:09,NO,,2007,Metal Loss_41486.6,True,41486.59,41486.969999999994,83,10.15
,,0.344,-21.34,41486.78,709.6857,Cluster,12.0,,4.25,3.16,,10:13,NO,,2007,Cluster_41486.8,True,41486.78,41487.16,83,10.216666666666667
,,0.344,-35.98,41501.43,709.1821,Metal Loss,10.0,,2.52,0.75,,9:33,NO,,2007,Metal Loss_41501.4,True,41501.43,41501.81,84,9.55
,,0.344,-36.87,41502.32,709.151,Metal Loss,14.0,,4.25,0.94,,8:10,NO,,2007,Metal Loss_41502.3,True,41502.32,41502.7,84,8.166666666666666
,,0.344,-37.98,41503.42,709.1124,Metal Loss,10.0,,1.18,0.83,,9:22,NO,,2007,Metal Loss_41503.4,True,41503.42,41503.8,84,9.366666666666667
,,0.344,-38.56,41504.01,709.092,Cluster,10.0,,4.39,5.72,,9:28,NO,,2007,Cluster_41504.0,True,41504.01,41504.39,84,9.466666666666667
,,0.344,-39.02,41544.42,707.4963,Metal Loss,23.0,,0.94,1.3,1.87,7:47,NO,,2007,Metal Loss_41544.4,True,41544.42,41544.8,85,7.783333333333333
,,0.344,-39.06,41544.45,707.4949,Metal Loss,11.0,,0.79,0.79,,8:49,NO,,2007,Metal Loss_41544.4,True,41544.45,41544.829999999994,85,8.816666666666666
,,0.344,-0.74,41546.08,707.4225,Metal Loss,17.0,,2.76,0.59,,9:36,NO,,2007,Metal Loss_41546.1,True,41546.08,41546.46,85,9.6
,,0.344,-31.12,41576.47,706.2497,Cluster,19.0,,2.21,1.8,,7:44,NO,,2007,Cluster_41576.5,True,41576.47,41576.85,86,7.733333333333333
,,0.344,-36.01,41581.35,706.0938,Cluster,18.0,,5.2,4.15,,7:17,NO,,2007,Cluster_41581.3,True,41581.35,41581.73,86,7.283333333333333
,,0.344,-7.88,41593.16,705.8334,Metal Loss,10.0,,3.03,0.59,,7:57,NO,,2007,Metal Loss_41593.2,True,41593.16,41593.54,87,7.95
,,0.344,-8.33,41593.61,705.8259,Cluster,16.0,,3.71,3.96,,6:58,NO,,2007,Cluster_41593.6,True,41593.61,41593.99,87,6.966666666666667
,,0.344,-20.19,41605.47,705.8339,Cluster,15.0,,3.43,1.22,,3:25,NO,,2007,Cluster_41605.5,True,41605.47,41605.85,88,3.4166666666666665
,,0.344,-21.05,41606.33,705.8384,Metal Loss,13.0,,1.53,1.38,,3:21,NO,,2007,Metal Loss_41606.3,True,41606.33,41606.71,88,3.35
,,0.344,-21.88,41607.15,705.8426,Cluster,23.0,,5.15,3.54,1.71,2:04,NO,,2007,Cluster_41607.2,True,41607.15,41607.53,88,2.066666666666667
,,0.344,-22.21,41607.49,705.8444,Metal Loss,11.0,,1.42,0.91,,3:27,NO,,2007,Metal Loss_41607.5,True,41607.49,41607.869999999995,88,3.45
,,0.344,-22.4,41607.68,705.8453,Cluster,25.0,,3.62,2.81,1.75,1:54,NO,,2007,Cluster_41607.7,True,41607.68,41608.06,88,1.9
,,0.344,-23.08,41608.36,705.8488,Cluster,13.0,,1.69,1.2,,2:29,NO,,2007,Cluster_41608.4,True,41608.36,41608.74,88,2.4833333333333334
,,0.344,-24.84,41610.12,705.8634,Cluster,13.0,,3.25,6.37,,9:19,NO,,2007,Cluster_41610.1,True,41610.12,41610.5,88,9.316666666666666
,,0.344,-25.38,41610.66,705.8678,Cluster,10.0,,2.63,4.13,,9:46,NO,,2007,Cluster_41610.7,True,41610.66,41611.04,88,9.766666666666667
,,0.344,-25.96,41611.24,705.8726,Cluster,17.0,,3.25,3.71,,9:44,NO,,2007,Cluster_41611.2,True,41611.24,41611.619999999995,88,9.733333333333333
,,0.344,-29.18,41614.46,705.8991,Metal Loss,16.0,,1.1,0.59,,10:17,NO,,2007,Metal Loss_41614.5,True,41614.46,41614.84,88,10.283333333333333
,,0.344,-11.37,41636.74,706.14,Metal Loss,25.0,,2.09,1.26,1.82,9:46,NO,,2007,Metal Loss_41636.7,True,41636.74,41637.119999999995,89,9.766666666666667
,,0.344,-12.44,41637.81,706.1532,Metal Loss,14.0,,2.09,1.89,,9:56,NO,,2007,Metal Loss_41637.8,True,41637.81,41638.189999999995,89,9.933333333333334
,,0.344,-20.6,41645.97,706.2698,Cluster,20.0,,5.22,4.96,1.73,9:21,NO,,2007,Cluster_41646.0,True,41645.97,41646.35,89,9.35
,,0.344,-21.8,41647.17,706.2872,Metal Loss,16.0,,0.63,0.87,,10:15,NO,,2007,Metal Loss_41647.2,True,41647.17,41647.55,89,10.25
,,0.344,-21.96,41647.33,706.2894,Cluster,16.0,,2.06,3.94,,9:43,NO,,2007,Cluster_41647.3,True,41647.33,41647.71,89,9.716666666666667
,,0.344,-23.26,41648.63,706.3085,Cluster,12.0,,2.66,3.92,,9:45,NO,,2007,Cluster_41648.6,True,41648.63,41649.009999999995,89,9.75
,,0.344,-23.76,41649.13,706.3163,Metal Loss,15.0,,0.75,0.71,,10:23,NO,,2007,Metal Loss_41649.1,True,41649.13,41649.509999999995,89,10.383333333333333
,,0.344,-24.22,41649.59,706.3234,Metal Loss,24.0,,0.94,0.71,1.87,9:38,NO,,2007,Metal Loss_41649.6,True,41649.59,41649.969999999994,89,9.633333333333333
,,0.344,-25.04,41650.41,706.3363,Cluster,15.0,,3.7,3.56,,9:32,NO,,2007,Cluster_41650.4,True,41650.41,41650.79,89,9.533333333333333
,,0.344,-26.06,41651.43,706.3523,Cluster,14.0,,2.66,2.64,,9:39,NO,,2007,Cluster_41651.4,True,41651.43,41651.81,89,9.65
,,0.344,-26.51,41651.88,706.3593,Cluster,14.0,,2.84,4.19,,9:38,NO,,2007,Cluster_41651.9,True,41651.88,41652.259999999995,89,9.633333333333333
,,0.344,-27.03,41652.4,706.3675,Cluster,12.0,,2.08,2.26,,9:39,NO,,2007,Cluster_41652.4,True,41652.4,41652.78,89,9.65
,,0.344,-27.43,41652.8,706.3738,Metal Loss,11.0,,1.02,1.26,,9:54,NO,,2007,Metal Loss_41652.8,True,41652.8,41653.18,89,9.9
,,0.344,-27.89,41653.26,706.3809,Cluster,19.0,,3.68,2.75,,8:52,NO,,2007,Cluster_41653.3,True,41653.26,41653.64,89,8.866666666666667
,,0.344,-28.52,41653.89,706.3908,Cluster,21.0,,2.99,2.54,1.8,9:48,NO,,2007,Cluster_41653.9,True,41653.89,41654.27,89,9.8
,,0.344,-30.06,41655.43,706.415,Cluster,13.0,,2.38,2.16,,9:40,NO,,2007,Cluster_41655.4,True,41655.43,41655.81,89,9.666666666666666
,,0.344,-33.26,41658.63,706.4653,Cluster,16.0,,3.28,1.43,,2:41,NO,,2007,Cluster_41658.6,True,41658.63,41659.009999999995,89,2.6833333333333336
,,0.344,-33.65,41659.02,706.4719,Cluster,15.0,,7.88,2.75,,2:28,NO,,2007,Cluster_41659.0,True,41659.02,41659.399999999994,89,2.466666666666667
,,0.344,-10.96,41676.35,706.7396,Cluster,33.0,,5.5,11.56,1.61,8:16,NO,,2007,Cluster_41676.3,True,41676.35,41676.73,90,8.266666666666667
,,0.344,-11.23,41676.62,706.7421,Metal Loss,16.0,,0.83,0.55,,2:49,NO,,2007,Metal Loss_41676.6,True,41676.62,41677.0,90,2.8166666666666664
,,0.344,-24.97,41703.53,706.7294,Cluster,33.0,,5.21,3.73,1.62,4:57,NO,,2007,Cluster_41703.5,True,41703.53,41703.91,91,4.95
,,0.344,-25.57,41704.14,706.7175,Cluster,16.0,,2.22,2.47,,6:41,NO,,2007,Cluster_41704.1,True,41704.14,41704.52,91,6.683333333333334
,,0.344,-25.68,41704.24,706.715,Cluster,14.0,,5.59,14.6,,6:18,NO,,2007,Cluster_41704.2,True,41704.24,41704.619999999995,91,6.3
,,0.344,-25.91,41704.47,706.7093,Cluster,23.0,,4.01,2.87,1.75,5:01,NO,,2007,Cluster_41704.5,True,41704.47,41704.85,91,5.016666666666667
,,0.344,-0.53,41705.97,706.6729,Cluster,11.0,,4.12,17.76,,7:43,NO,,2007,Cluster_41706.0,True,41705.97,41706.35,91,7.716666666666667
,,0.344,-0.82,41706.26,706.6661,Cluster,23.0,,2.44,9.05,1.81,3:44,NO,,2007,Cluster_41706.3,True,41706.26,41706.64,91,3.7333333333333334
,,0.344,-0.82,41706.26,706.6659,Metal Loss,10.0,,1.3,3.42,,2:44,NO,,2007,Metal Loss_41706.3,True,41706.26,41706.64,91,2.7333333333333334
,,0.344,-0.95,41746.38,706.1254,Metal Loss,11.0,,0.71,0.55,,9:55,NO,,2007,Metal Loss_41746.4,True,41746.38,41746.759999999995,92,9.916666666666666
,,0.344,-1.78,41747.21,706.148,Metal Loss,13.0,,0.91,1.3,,9:30,NO,,2007,Metal Loss_41747.2,True,41747.21,41747.59,92,9.5
,,0.344,-38.9,41784.33,708.0211,Cluster,13.0,,3.85,6.24,,3:20,NO,,2007,Cluster_41784.3,True,41784.33,41784.71,93,3.3333333333333335
,,0.344,-0.84,41786.2,708.0931,Metal Loss,11.0,,0.79,0.71,,4:12,NO,,2007,Metal Loss_41786.2,True,41786.2,41786.579999999994,93,4.2
,,0.344,-2.1,41787.46,708.138,Metal Loss-Manufacturing Anomaly,11.0,,0.43,0.71,,8:12,,,2007,Metal Loss-Manufacturing Anomaly_41787.5,True,41787.46,41787.84,93,8.2
,,0.344,-0.67,41865.72,708.4951,Cluster,11.0,,2.05,9.82,,8:30,NO,,2007,Cluster_41865.7,True,41865.72,41866.1,-1,8.5
,,0.344,-0.77,43597.89,701.6441,Cluster,14.0,,2.4,7.67,,4:45,NO,,2007,Cluster_43597.9,True,43597.89,43598.27,-1,4.75
,,0.344,-39.27,43675.86,700.3919,Cluster,10.0,,2.64,4.11,,06:00,NO,,2007,Cluster_43675.9,True,43675.86,43676.24,94,6.0
,,0.344,-0.8,43677.48,700.3641,Cluster,16.0,,1.32,7.54,,4:36,NO,,2007,Cluster_43677.5,True,43677.48,43677.86,94,4.6
,,0.344,-20.73,43925.26,701.9519,Metal Loss-Manufacturing Anomaly,15.0,,2.32,0.59,,7:51,,,2007,Metal Loss-Manufacturing Anomaly_43925.3,True,43925.26,43925.64,95,7.85
,,0.344,-24.44,43928.97,701.9672,Metal Loss-Manufacturing Anomaly,14.0,,3.03,0.71,,9:08,,,2007,Metal Loss-Manufacturing Anomaly_43929.0,True,43928.97,43929.35,95,9.133333333333333
,,0.344,-25.96,43930.49,701.9641,Metal Loss-Manufacturing Anomaly,13.0,,3.46,0.94,,9:33,,,2007,Metal Loss-Manufacturing Anomaly_43930.5,True,43930.49,43930.869999999995,95,9.55
,,0.344,-25.98,43930.51,701.964,Metal Loss-Manufacturing Anomaly,27.0,,3.42,0.55,,9:23,,,2007,Metal Loss-Manufacturing Anomaly_43930.5,True,43930.51,43930.89,95,9.383333333333333
,,0.344,-5.46,43949.85,701.8126,Metal Loss,13.0,,1.58,1.42,,2:25,NO,,2007,Metal Loss_43949.8,True,43949.85,43950.23,96,2.4166666666666665
,,0.344,-5.91,43950.29,701.8019,Metal Loss,10.0,,1.65,2.48,,2:28,NO,,2007,Metal Loss_43950.3,True,43950.29,43950.67,96,2.466666666666667
,,0.344,-9.79,43954.18,701.7088,Cluster,13.0,,1.81,2.93,,9:26,NO,,2007,Cluster_43954.2,True,43954.18,43954.56,96,9.433333333333334
,,0.344,-11.93,43956.32,701.6575,Cluster,11.0,,2.28,1.91,,2:15,NO,,2007,Cluster_43956.3,True,43956.32,43956.7,96,2.25
,,0.344,-12.36,43956.74,701.6473,Cluster,12.0,,5.46,5.22,,1:43,NO,,2007,Cluster_43956.7,True,43956.74,43957.119999999995,96,1.7166666666666668
,,0.344,-13.09,43957.47,701.6297,Metal Loss,12.0,,2.4,1.93,,2:21,NO,,2007,Metal Loss_43957.5,True,43957.47,43957.85,96,2.35
,,0.344,-15.5,43959.89,701.5719,Metal Loss,12.0,,3.35,0.83,,9:25,NO,,2007,Metal Loss_43959.9,True,43959.89,43960.27,96,9.416666666666666
,,0.344,-18.37,43962.76,701.504,Metal Loss,10.0,,2.24,1.42,,2:21,NO,,2007,Metal Loss_43962.8,True,43962.76,43963.14,96,2.35
,,0.344,-37.18,43981.57,700.8596,Metal Loss,11.0,,0.87,1.18,,5:14,YES,,2007,Metal Loss_43981.6,True,43981.57,43981.95,97,5.233333333333333
,,0.344,-0.71,43985.28,700.6769,Cluster,16.0,,3.58,7.42,,10:38,NO,,2007,Cluster_43985.3,True,43985.28,43985.66,97,10.633333333333333
,,0.344,-0.62,44056.31,697.6612,Metal Loss,13.0,,5.04,0.59,,7:15,YES,,2007,Metal Loss_44056.3,True,44056.31,44056.689999999995,98,7.25
,,0.344,-0.73,44056.42,697.6626,Cluster,30.0,,1.85,10.89,1.82,5:04,YES,,2007,Cluster_44056.4,True,44056.42,44056.8,98,5.066666666666666
,,0.344,-5.25,44100.91,699.1291,Cluster,23.0,,10.97,12.82,1.62,5:42,YES,,2007,Cluster_44100.9,True,44100.91,44101.29,-1,5.7
,,0.344,-38.94,44134.6,699.8636,Cluster,26.0,,2.95,9.22,1.77,4:16,NO,,2007,Cluster_44134.6,True,44134.6,44134.98,-1,4.266666666666667
,,0.344,-38.93,44214.46,700.6012,Cluster,25.0,,4.15,10.91,1.73,3:44,NO,,2007,Cluster_44214.5,True,44214.46,44214.84,-1,3.7333333333333334
,,0.344,-1.18,44640.11,697.2894,Metal Loss,13.0,,0.87,0.83,,6:38,NO,,2007,Metal Loss_44640.1,True,44640.11,44640.49,99,6.633333333333333
,,0.344,-2.41,44641.35,697.2719,Metal Loss,12.0,,1.02,0.98,,4:49,NO,,2007,Metal Loss_44641.3,True,44641.35,44641.73,99,4.816666666666666
,,0.344,-3.02,44641.95,697.2633,Metal Loss,20.0,,1.38,1.3,1.86,4:51,NO,,2007,Metal Loss_44641.9,True,44641.95,44642.329999999994,99,4.85
,,0.344,-3.55,44642.49,697.2557,Metal Loss,22.0,,1.1,0.83,1.87,4:46,NO,,2007,Metal Loss_44642.5,True,44642.49,44642.869999999995,99,4.766666666666667
,,0.344,-9.05,44647.98,697.1778,Cluster,16.0,,6.84,3.81,,4:42,NO,,2007,Cluster_44648.0,True,44647.98,44648.36,99,4.7
,,0.344,-20.15,44698.12,696.1631,Metal Loss,13.0,,1.22,1.1,,4:16,NO,,2007,Metal Loss_44698.1,True,44698.12,44698.5,100,4.266666666666667
,,0.344,-20.75,44698.71,696.1486,Metal Loss,11.0,,1.1,1.1,,4:35,NO,,2007,Metal Loss_44698.7,True,44698.71,44699.09,100,4.583333333333333
,,0.344,-21.25,44699.21,696.1362,Cluster,20.0,,3.23,3.77,1.79,7:38,NO,,2007,Cluster_44699.2,True,44699.21,44699.59,100,7.633333333333333
,,0.344,-22.98,44700.94,696.0937,Metal Loss,10.0,,1.3,1.26,,7:56,NO,,2007,Metal Loss_44700.9,True,44700.94,44701.32,100,7.933333333333334
,,0.344,-23.27,44701.23,696.0865,Metal Loss,10.0,,0.91,0.91,,4:43,NO,,2007,Metal Loss_44701.2,True,44701.23,44701.61,100,4.716666666666667
,,0.344,-25.85,44703.81,696.023,Metal Loss-Manufacturing Anomaly,11.0,,0.47,0.83,,3:55,,,2007,Metal Loss-Manufacturing Anomaly_44703.8,True,44703.81,44704.189999999995,100,3.9166666666666665
,,0.344,-38.87,44757.04,694.8058,Cluster,14.0,,2.92,2.66,,6:17,NO,,2007,Cluster_44757.0,True,44757.04,44757.42,-1,6.283333333333333
,,0.344,-0.74,44918.76,696.3026,Metal Loss,17.0,,1.02,8.54,,8:55,NO,,2007,Metal Loss_44918.8,True,44918.76,44919.14,-1,8.916666666666666
,,0.344,-21.98,44940.0,696.5491,Cluster,15.0,,3.73,5.82,,8:17,NO,,2007,Cluster_44940.0,True,44940.0,44940.38,-1,8.283333333333333
,,0.344,-5.24,44963.32,696.8365,Metal Loss,17.0,,1.06,1.06,,9:07,NO,,2007,Metal Loss_44963.3,True,44963.32,44963.7,-1,9.116666666666667
,,0.344,-39.01,44997.09,697.265,Cluster,12.0,,4.68,9.8,,4:55,NO,,2007,Cluster_44997.1,True,44997.09,44997.469999999994,-1,4.916666666666667
,,0.344,-14.9,45013.1,697.4398,Metal Loss,17.0,,0.98,0.63,,6:29,NO,,2007,Metal Loss_45013.1,True,45013.1,45013.48,-1,6.483333333333333
,,0.344,-0.76,45112.14,698.9924,Metal Loss,38.0,,1.1,1.22,1.85,12:30,NO,,2007,Metal Loss_45112.1,True,45112.14,45112.52,101,12.5
,,0.344,-0.76,45112.14,698.9924,Metal Loss,39.0,,1.22,0.59,1.84,12:01,NO,,2007,Metal Loss_45112.1,True,45112.14,45112.52,101,12.016666666666667
,,0.344,-4.88,45138.44,699.5063,Metal Loss,14.0,,0.98,1.1,,3:57,NO,,2007,Metal Loss_45138.4,True,45138.44,45138.82,102,3.95
,,0.344,-5.64,45139.21,699.5193,Cluster,47.0,,5.47,5.59,1.46,3:34,NO,,2007,Cluster_45139.2,True,45139.21,45139.59,102,3.5666666666666664
,,0.344,-17.81,45151.38,699.7154,Metal Loss,14.0,,1.22,1.34,,4:21,NO,,2007,Metal Loss_45151.4,True,45151.38,45151.759999999995,-1,4.35
,,0.344,-33.26,45166.83,699.9389,Metal Loss-Manufacturing Anomaly,21.0,,0.47,0.55,,5:55,,,2007,Metal Loss-Manufacturing Anomaly_45166.8,True,45166.83,45167.21,103,5.916666666666667
,,0.344,-1.52,45175.13,700.0533,Metal Loss,22.0,,0.83,1.42,1.88,5:30,NO,,2007,Metal Loss_45175.1,True,45175.13,45175.509999999995,103,5.5
,,0.344,-1.74,45175.35,700.0563,Metal Loss,23.0,,0.94,2.17,1.87,4:54,NO,,2007,Metal Loss_45175.3,True,45175.35,45175.73,103,4.9
,,0.344,-0.81,45676.4,666.559,Cluster,36.0,,3.82,6.49,1.66,6:20,NO,,2007,Cluster_45676.4,True,45676.4,45676.78,-1,6.333333333333333
,,0.344,-38.95,45950.05,689.282,Cluster,11.0,,2.63,16.36,,4:27,NO,,2007,Cluster_45950.1,True,45950.05,45950.43,104,4.45
,,0.344,-39.05,45950.15,689.2903,Cluster,14.0,,1.25,2.24,,7:27,NO,,2007,Cluster_45950.2,True,45950.15,45950.53,104,7.45
,,0.344,-0.49,45951.57,689.4027,Cluster,10.0,,2.4,5.82,,7:14,NO,,2007,Cluster_45951.6,True,45951.57,45951.95,104,7.233333333333333
,,0.344,-0.78,45951.85,689.4256,Cluster,14.0,,2.63,19.0,,5:14,NO,,2007,Cluster_45951.8,True,45951.85,45952.23,104,5.233333333333333
,,0.344,-38.9,46109.65,696.3652,Cluster,26.0,,4.52,5.7,1.71,4:49,NO,,2007,Cluster_46109.7,True,46109.65,46110.03,105,4.816666666666666
,,0.344,-38.91,46109.65,696.3651,Cluster,24.0,,3.65,5.03,1.75,7:07,NO,,2007,Cluster_46109.7,True,46109.65,46110.03,105,7.116666666666666
,,0.344,-39.1,46190.01,693.4018,Cluster,15.0,,2.56,9.59,,5:32,NO,,2007,Cluster_46190.0,True,46190.01,46190.39,106,5.533333333333333
,,0.344,-39.16,46190.08,693.3991,Cluster,14.0,,2.17,4.65,,4:11,NO,,2007,Cluster_46190.1,True,46190.08,46190.46,106,4.183333333333334
,,0.344,-0.77,46191.89,693.3283,Cluster,12.0,,0.91,7.39,,6:26,NO,,2007,Cluster_46191.9,True,46191.89,46192.27,106,6.433333333333334
,,0.344,-0.79,46191.91,693.3277,Metal Loss,11.0,,0.75,1.22,,8:05,NO,,2007,Metal Loss_46191.9,True,46191.91,46192.29,106,8.083333333333334
,,0.344,-0.8,46191.92,693.3271,Metal Loss,15.0,,0.87,1.93,,3:44,NO,,2007,Metal Loss_46191.9,True,46191.92,46192.3,106,3.7333333333333334
,,0.344,-5.74,46196.86,693.1403,Cluster,10.0,,3.97,2.39,,8:11,NO,,2007,Cluster_46196.9,True,46196.86,46197.24,106,8.183333333333334
,,0.344,-8.19,46199.31,693.0482,Cluster,11.0,,1.06,3.39,,8:25,NO,,2007,Cluster_46199.3,True,46199.31,46199.689999999995,106,8.416666666666666
,,0.344,-0.79,46272.09,691.1071,Metal Loss,21.0,,1.02,0.91,1.87,9:23,NO,,2007,Metal Loss_46272.1,True,46272.09,46272.469999999994,-1,9.383333333333333
,,0.344,-22.62,46333.84,690.0619,Metal Loss-Manufacturing Anomaly,24.0,,4.57,0.71,,9:03,,,2007,Metal Loss-Manufacturing Anomaly_46333.8,True,46333.84,46334.219999999994,107,9.05
,,0.344,-31.85,46343.06,689.8947,Metal Loss-Manufacturing Anomaly,10.0,,3.98,1.73,,8:57,,,2007,Metal Loss-Manufacturing Anomaly_46343.1,True,46343.06,46343.439999999995,107,8.95
,,0.344,-26.55,46377.81,689.2407,Metal Loss-Manufacturing Anomaly,12.0,,0.94,1.06,,7:36,,,2007,Metal Loss-Manufacturing Anomaly_46377.8,True,46377.81,46378.189999999995,-1,7.6
,,0.344,-39.09,46430.41,688.4641,Metal Loss,38.0,,1.65,1.14,1.81,7:31,NO,,2007,Metal Loss_46430.4,True,46430.41,46430.79,108,7.516666666666667
,,0.344,-39.12,46430.44,688.4638,Metal Loss,28.0,,1.06,2.13,1.86,8:03,NO,,2007,Metal Loss_46430.4,True,46430.44,46430.82,108,8.05
,,0.344,-0.81,46432.14,688.4468,Metal Loss,10.0,,0.91,0.87,,5:08,NO,,2007,Metal Loss_46432.1,True,46432.14,46432.52,108,5.133333333333334
,,0.344,-6.01,46437.34,688.405,Metal Loss-Manufacturing Anomaly,14.0,,0.59,0.71,,7:18,,,2007,Metal Loss-Manufacturing Anomaly_46437.3,True,46437.34,46437.719999999994,108,7.3
,,0.344,-7.96,46664.82,688.7538,Metal Loss,20.0,,0.94,0.67,1.87,4:49,NO,,2007,Metal Loss_46664.8,True,46664.82,46665.2,-1,4.816666666666666
,,0.344,-25.88,46733.12,685.3023,Metal Loss,15.0,,0.87,0.94,,8:25,NO,,2007,Metal Loss_46733.1,True,46733.12,46733.5,-1,8.416666666666666
,,0.344,-0.61,46764.12,683.1255,Cluster,12.0,,3.56,3.48,,4:13,NO,,2007,Cluster_46764.1,True,46764.12,46764.5,109,4.216666666666667
,,0.344,-0.75,46764.26,683.1164,Cluster,28.0,,5.63,13.45,1.65,5:15,NO,,2007,Cluster_46764.3,True,46764.26,46764.64,109,5.25
,,0.344,-26.23,46869.83,688.1264,Metal Loss-Manufacturing Anomaly,12.0,,3.42,4.53,,11:25,,,2007,Metal Loss-Manufacturing Anomaly_46869.8,True,46869.83,46870.21,-1,11.416666666666666
,,0.344,-0.75,47266.22,680.9187,Cluster,11.0,,3.04,7.08,,3:19,NO,,2007,Cluster_47266.2,True,47266.22,47266.6,110,3.3166666666666664
,,0.344,-0.77,47266.24,680.9203,Metal Loss,12.0,,0.94,1.97,,1:47,NO,,2007,Metal Loss_47266.2,True,47266.24,47266.619999999995,110,1.7833333333333332
,,0.344,-11.8,47298.31,683.6045,Cluster,11.0,,4.48,1.49,,12:16,NO,,2007,Cluster_47298.3,True,47298.31,47298.689999999995,111,12.266666666666667
,,0.344,-12.71,47299.22,683.6899,Metal Loss,14.0,,0.71,0.87,,12:15,NO,,2007,Metal Loss_47299.2,True,47299.22,47299.6,111,12.25
,,0.344,-38.92,47325.43,686.1354,Cluster,21.0,,5.09,23.79,1.73,3:43,NO,,2007,Cluster_47325.4,True,47325.43,47325.81,112,3.716666666666667
,,0.344,-38.99,47325.5,686.1422,Cluster,10.0,,3.55,7.37,,8:37,NO,,2007,Cluster_47325.5,True,47325.5,47325.88,112,8.616666666666667
,,0.344,-0.79,47327.36,686.32,Cluster,20.0,,1.61,9.17,1.85,1:15,NO,,2007,Cluster_47327.4,True,47327.36,47327.74,112,1.25
,,0.344,-6.96,47373.61,690.6943,Metal Loss-Manufacturing Anomaly,11.0,,0.43,0.71,,4:39,,,2007,Metal Loss-Manufacturing Anomaly_47373.6,True,47373.61,47373.99,113,4.65
,,0.344,-7.11,47373.76,690.7073,Metal Loss-Manufacturing Anomaly,14.0,,0.63,0.71,,4:34,,,2007,Metal Loss-Manufacturing Anomaly_47373.8,True,47373.76,47374.14,113,4.566666666666666
,,0.344,-38.8,47548.14,694.5206,Cluster,33.0,,4.97,18.45,1.63,4:45,NO,,2007,Cluster_47548.1,True,47548.14,47548.52,114,4.75
,,0.344,-39.08,47548.42,694.5181,Metal Loss,15.0,,0.91,1.42,,4:05,NO,,2007,Metal Loss_47548.4,True,47548.42,47548.8,114,4.083333333333333
,,0.344,-0.84,47705.64,692.7179,Metal Loss,10.0,,1.18,0.94,,5:35,NO,,2007,Metal Loss_47705.6,True,47705.64,47706.02,-1,5.583333333333333
,,0.344,-25.8,48680.41,669.5126,Metal Loss-Manufacturing Anomaly,22.0,,4.02,0.59,,3:46,,,2007,Metal Loss-Manufacturing Anomaly_48680.4,True,48680.41,48680.79,-1,3.7666666666666666
,,0.344,-0.51,48804.83,683.8631,Cluster,36.0,,6.95,8.27,1.53,5:14,NO,,2007,Cluster_48804.8,True,48804.83,48805.21,-1,5.233333333333333
,,0.344,-0.57,49768.63,699.2772,Cluster,26.0,,5.08,10.77,1.69,3:55,NO,,2007,Cluster_49768.6,True,49768.63,49769.009999999995,-1,3.9166666666666665
,,0.344,-14.11,50192.33,687.4183,Cluster,20.0,,4.67,1.53,1.75,8:37,NO,,2007,Cluster_50192.3,True,50192.33,50192.71,115,8.616666666666667
,,0.344,-15.8,50194.02,687.3295,Metal Loss,12.0,,0.98,1.06,,8:48,NO,,2007,Metal Loss_50194.0,True,50194.02,50194.399999999994,115,8.8
,,0.344,-18.35,50196.57,687.1957,Metal Loss,10.0,,0.87,0.91,,9:07,NO,,2007,Metal Loss_50196.6,True,50196.57,50196.95,115,9.116666666666667
,,0.344,-20.95,50199.17,687.0591,Cluster,33.0,,10.43,5.57,1.5,4:15,YES,,2007,Cluster_50199.2,True,50199.17,50199.55,115,4.25
,,0.344,-21.94,50200.15,687.0075,Cluster,17.0,,4.44,0.98,,4:37,YES,,2007,Cluster_50200.2,True,50200.15,50200.53,115,4.616666666666667
,,0.344,-22.43,50200.65,686.982,Metal Loss,19.0,,3.15,1.73,,4:29,YES,,2007,Metal Loss_50200.7,True,50200.65,50201.03,115,4.483333333333333
,,0.344,-22.82,50201.03,686.9637,Metal Loss,16.0,,0.63,0.71,,4:38,YES,,2007,Metal Loss_50201.0,True,50201.03,50201.41,115,4.633333333333333
,,0.344,-10.34,50681.04,682.5446,Metal Loss-Manufacturing Anomaly,15.0,,1.97,0.59,,10:07,,,2007,Metal Loss-Manufacturing Anomaly_50681.0,True,50681.04,50681.42,-1,10.116666666666667
,,0.344,-28.03,50738.69,681.9054,Metal Loss,16.0,,0.59,0.71,,6:38,YES,,2007,Metal Loss_50738.7,True,50738.69,50739.07,-1,6.633333333333333
,,0.344,-11.02,51120.59,670.9346,Metal Loss-Manufacturing Anomaly,14.0,,0.47,0.71,,10:34,,,2007,Metal Loss-Manufacturing Anomaly_51120.6,True,51120.59,51120.969999999994,-1,10.566666666666666
,,0.344,-39.51,51188.03,668.1886,Cluster,10.0,,2.48,5.22,,7:28,NO,,2007,Cluster_51188.0,True,51188.03,51188.41,-1,7.466666666666667
,,0.344,-2.84,51890.81,673.3727,Metal Loss-Manufacturing Anomaly,18.0,,0.59,0.71,,7:06,,,2007,Metal Loss-Manufacturing Anomaly_51890.8,True,51890.81,51891.189999999995,-1,7.1
,,0.344,-0.73,53107.12,688.9615,Cluster,15.0,,4.16,7.29,,8:11,NO,,2007,Cluster_53107.1,True,53107.12,53107.5,-1,8.183333333333334
,,0.344,-0.6,53187.09,690.9981,Cluster,12.0,,3.23,8.71,,5:19,NO,,2007,Cluster_53187.1,True,53187.09,53187.469999999994,116,5.316666666666666
,,0.344,-1.48,53187.97,691.0328,Metal Loss,21.0,,4.05,1.53,1.76,6:30,NO,,2007,Metal Loss_53188.0,True,53187.97,53188.35,116,6.5
,,0.344,-1.52,53188.01,691.0344,Cluster,24.0,,3.7,3.0,1.75,5:33,NO,,2007,Cluster_53188.0,True,53188.01,53188.39,116,5.55
,,0.344,-1.62,53188.12,691.0387,Metal Loss,12.0,,1.73,1.85,,4:54,NO,,2007,Metal Loss_53188.1,True,53188.12,53188.5,116,4.9
,,0.344,-1.97,53188.47,691.0524,Metal Loss,10.0,,1.1,0.91,,5:14,NO,,2007,Metal Loss_53188.5,True,53188.47,53188.85,116,5.233333333333333
,,0.344,-29.77,53920.16,675.2186,Metal Loss-Manufacturing Anomaly,10.0,,0.51,0.71,,4:36,,,2007,Metal Loss-Manufacturing Anomaly_53920.2,True,53920.16,53920.54,-1,4.6
,,0.344,-0.71,55090.68,695.9362,Cluster,12.0,,3.08,9.28,,4:30,NO,,2007,Cluster_55090.7,True,55090.68,55091.06,-1,4.5
,,0.344,-36.9,55606.64,696.325,Metal Loss-Manufacturing Anomaly,23.0,,0.51,0.63,,3:06,,,2007,Metal Loss-Manufacturing Anomaly_55606.6,True,55606.64,55607.02,-1,3.1
,,0.344,-8.43,56025.84,686.0071,Metal Loss-Manufacturing Anomaly,13.0,,0.59,0.59,,12:54,,,2007,Metal Loss-Manufacturing Anomaly_56025.8,True,56025.84,56026.219999999994,-1,12.9
,,0.344,-18.47,56387.34,682.1086,Cluster,14.0,,2.64,3.69,,8:50,NO,,2007,Cluster_56387.3,True,56387.34,56387.719999999994,117,8.833333333333334
,,0.344,-18.52,56387.38,682.1088,Cluster,10.0,,1.03,3.62,,6:59,NO,,2007,Cluster_56387.4,True,56387.38,56387.759999999995,117,6.983333333333333
,,0.344,-18.54,56387.4,682.1088,Metal Loss,10.0,,0.87,1.18,,8:10,NO,,2007,Metal Loss_56387.4,True,56387.4,56387.78,117,8.166666666666666
,,0.344,-18.58,56387.44,682.1089,Metal Loss,10.0,,0.71,1.65,,6:02,NO,,2007,Metal Loss_56387.4,True,56387.44,56387.82,117,6.033333333333333
