run1_idx,run2_idx,joint_number,run1_distance,run2_distance,offset
10.0,11.0,30.0,28.69,28.556,-0.13400000000000034
12.0,13.0,40.0,38.83,39.344,0.5140000000000029
14.0,15.0,50.0,53.72,54.639,0.919000000000004
15.0,17.0,60.0,94.06,94.665,0.605000000000004
17.0,19.0,70.0,103.33,104.432,1.1020000000000039
19.0,21.0,70.01,111.52,112.536,1.0160000000000053
20.0,27.0,80.0,128.88,129.521,0.6409999999999911
21.0,32.0,90.0,144.02,144.81,0.789999999999992
22.0,36.0,100.0,175.63,176.437,0.8070000000000164
23.0,37.0,110.0,215.7,216.539,0.8389999999999986
24.0,38.0,120.0,255.86,256.588,0.7280000000000086
26.0,41.0,130.0,269.0,270.072,1.0720000000000027
27.0,43.0,140.0,309.49,310.207,0.7169999999999845
28.0,44.0,150.0,349.65,350.289,0.63900000000001
30.0,46.0,160.0,359.33,360.666,1.3360000000000127
31.0,47.0,170.0,376.91,377.671,0.7609999999999673
33.0,49.0,180.0,384.52,385.886,1.3660000000000423
34.0,50.0,190.0,407.86,408.904,1.0439999999999827
36.0,52.0,200.0,417.34,419.098,1.7580000000000382
37.0,56.0,210.0,429.95,431.184,1.2340000000000373
39.0,58.0,210.01,438.75,440.489,1.738999999999976
40.0,60.0,220.0,446.26,447.992,1.7320000000000277
41.0,61.0,230.0,486.3,488.084,1.7839999999999918
42.0,66.0,240.0,526.15,528.284,2.1340000000000146
43.0,77.0,250.0,566.12,568.596,2.475999999999999
44.0,92.0,260.0,606.11,608.73,2.6200000000000045
45.0,103.0,270.0,637.51,640.072,2.562000000000012
47.0,105.0,280.0,646.78,649.675,2.894999999999982
49.0,108.0,290.0,654.88,657.956,3.076000000000022
50.0,113.0,300.0,670.33,672.979,2.649000000000001
52.0,115.0,310.0,677.99,681.214,3.2240000000000464
53.0,117.0,320.0,686.92,689.987,3.0670000000000073
54.0,118.0,330.0,697.29,700.266,2.975999999999999
55.0,120.0,340.0,737.27,740.325,3.0550000000000637
57.0,122.0,350.0,747.95,751.785,3.8349999999999227
58.0,123.0,360.0,754.23,757.835,3.605000000000018
59.0,125.0,370.0,784.79,788.563,3.7730000000000246
60.0,134.0,380.0,822.65,826.404,3.754000000000019
61.0,135.0,390.0,862.71,866.627,3.9169999999999163
62.0,136.0,400.0,902.75,906.709,3.9589999999999463
63.0,138.0,410.0,942.9,946.798,3.8980000000000246
65.0,141.0,420.0,954.76,959.331,4.571000000000026
66.0,143.0,430.0,984.83,988.99,4.159999999999968
68.0,145.0,440.0,998.04,1002.749,4.70900000000006
69.0,147.0,450.0,1038.36,1042.927,4.567000000000007
70.0,148.0,460.0,1078.41,1082.923,4.51299999999992
71.0,149.0,470.0,1118.5,1123.091,4.5909999999998945
72.0,150.0,480.0,1158.59,1163.094,4.504000000000133
73.0,163.0,490.0,1198.74,1203.35,4.6099999999999
74.0,191.0,500.0,1238.87,1243.399,4.528999999999996
75.0,192.0,510.0,1279.0,1283.599,4.598999999999933
76.0,193.0,520.0,1319.13,1323.615,4.4849999999999
77.0,194.0,530.0,1359.26,1363.829,4.56899999999996
78.0,195.0,540.0,1399.33,1403.852,4.522000000000162
79.0,196.0,550.0,1439.41,1444.098,4.6879999999998745
80.0,202.0,560.0,1474.52,1479.094,4.574000000000069
81.0,203.0,570.0,1514.6,1519.318,4.718000000000075
82.0,204.0,580.0,1554.67,1559.331,4.660999999999831
83.0,205.0,590.0,1594.69,1599.534,4.844000000000051
84.0,206.0,600.0,1634.65,1639.711,5.060999999999922
85.0,209.0,610.0,1674.68,1679.872,5.192000000000007
86.0,215.0,620.0,1714.66,1720.016,5.3559999999999945
87.0,216.0,630.0,1754.61,1760.164,5.554000000000087
88.0,217.0,640.0,1794.68,1800.233,5.552999999999884
89.0,219.0,650.0,1821.71,1827.454,5.7439999999999145
90.0,220.0,660.0,1861.75,1867.438,5.688000000000102
91.0,222.0,670.0,1901.7,1907.615,5.914999999999964
92.0,223.0,680.0,1940.56,1946.44,5.880000000000109
93.0,224.0,690.0,1980.62,1986.66,6.040000000000191
94.0,225.0,700.0,2020.72,2026.686,5.9659999999998945
95.0,226.0,710.0,2060.81,2066.978,6.16800000000012
96.0,232.0,720.0,2100.91,2107.001,6.091000000000349
97.0,249.0,730.0,2140.9,2147.28,6.380000000000109
98.0,263.0,740.0,2180.93,2187.316,6.385999999999967
99.0,274.0,750.0,2220.99,2227.552,6.562000000000353
100.0,289.0,760.0,2260.83,2267.425,6.595000000000255
101.0,308.0,770.0,2300.87,2307.736,6.8659999999999854
102.0,312.0,780.0,2311.27,2318.048,6.777999999999793
103.0,315.0,790.0,2351.35,2358.294,6.94399999999996
105.0,317.0,800.0,2365.88,2373.494,7.614000000000033
106.0,326.0,810.0,2389.82,2397.247,7.42699999999968
107.0,327.0,820.0,2429.86,2437.32,7.460000000000036
108.0,328.0,830.0,2469.86,2477.585,7.724999999999909
109.0,329.0,840.0,2509.92,2517.612,7.692000000000007
110.0,330.0,850.0,2549.96,2557.89,7.929999999999836
111.0,331.0,860.0,2590.02,2597.992,7.972000000000207
112.0,332.0,870.0,2630.08,2638.248,8.16800000000012
113.0,333.0,880.0,2670.11,2678.34,8.230000000000018
114.0,334.0,890.0,2710.16,2718.55,8.390000000000327
115.0,335.0,900.0,2750.26,2758.642,8.381999999999607
116.0,336.0,910.0,2790.34,2798.875,8.534999999999854
117.0,337.0,920.0,2830.42,2838.881,8.460999999999785
118.0,340.0,930.0,2870.53,2879.088,8.557999999999993
120.0,342.0,940.0,2878.59,2887.808,9.217999999999847
121.0,344.0,950.0,2909.79,2918.661,8.871000000000095
122.0,346.0,960.0,2949.78,2959.016,9.235999999999876
123.0,348.0,970.0,2989.81,2998.999,9.18899999999985
124.0,349.0,980.0,3029.58,3038.99,9.409999999999854
126.0,351.0,990.0,3069.62,3079.016,9.396000000000186
128.0,353.0,1000.0,3109.62,3119.173,9.552999999999884
129.0,355.0,1010.0,3148.08,3157.615,9.534999999999854
130.0,358.0,1020.0,3188.15,3197.848,9.697999999999865
131.0,359.0,1030.0,3228.27,3237.874,9.603999999999814
132.0,361.0,1040.0,3268.31,3278.153,9.842999999999847
133.0,364.0,1050.0,3308.39,3318.268,9.878000000000156
134.0,367.0,1060.0,3348.46,3358.632,10.172000000000025
135.0,368.0,1070.0,3388.53,3398.691,10.160999999999603
136.0,380.0,1080.0,3428.63,3438.924,10.293999999999869
137.0,381.0,1090.0,3468.67,3478.907,10.23700000000008
138.0,384.0,1100.0,3508.76,3519.14,10.379999999999654
139.0,385.0,1110.0,3548.87,3559.19,10.320000000000164
140.0,387.0,1120.0,3588.86,3599.577,10.717000000000098
141.0,389.0,1130.0,3628.88,3639.669,10.78899999999976
142.0,390.0,1140.0,3668.93,3679.925,10.995000000000346
143.0,391.0,1150.0,3708.93,3719.918,10.988000000000284
144.0,392.0,1160.0,3743.6,3754.76,11.16000000000031
145.0,393.0,1170.0,3783.21,3794.413,11.202999999999975
146.0,394.0,1180.0,3823.24,3834.682,11.442000000000007
147.0,395.0,1190.0,3863.29,3874.675,11.385000000000218
148.0,396.0,1200.0,3903.31,3914.888,11.577999999999975
149.0,399.0,1210.0,3943.33,3954.915,11.585000000000036
150.0,400.0,1220.0,3983.39,3995.279,11.889000000000124
151.0,402.0,1230.0,4023.46,4035.348,11.88799999999992
152.0,403.0,1240.0,4063.6,4075.758,12.157999999999902
153.0,407.0,1250.0,4091.65,4103.93,12.2800000000002
154.0,408.0,1260.0,4131.8,4144.272,12.471999999999753
155.0,410.0,1270.0,4171.86,4184.344,12.484000000000378
156.0,411.0,1280.0,4211.84,4224.61,12.769999999999527
157.0,412.0,1290.0,4251.81,4264.659,12.84899999999925
158.0,413.0,1300.0,4291.8,4304.892,13.091999999999643
159.0,416.0,1310.0,4331.8,4345.016,13.21599999999944
160.0,418.0,1320.0,4371.82,4385.328,13.50800000000072
161.0,419.0,1330.0,4411.8,4425.41,13.609999999999673
162.0,423.0,1340.0,4451.84,4465.666,13.826000000000022
163.0,425.0,1350.0,4491.84,4505.659,13.818999999999505
164.0,430.0,1360.0,4531.86,4545.915,14.055000000000291
165.0,434.0,1370.0,4571.9,4585.961,14.061000000000604
166.0,439.0,1380.0,4611.9,4626.175,14.275000000000546
167.0,441.0,1390.0,4651.91,4666.155,14.24499999999989
168.0,442.0,1400.0,4691.76,4706.312,14.55199999999968
169.0,444.0,1410.0,4731.85,4746.339,14.488999999999578
170.0,445.0,1420.0,4771.94,4786.608,14.668000000000575
171.0,446.0,1430.0,4811.94,4826.601,14.661000000000058
172.0,448.0,1440.0,4851.93,4866.811,14.880999999999403
173.0,449.0,1450.0,4891.97,4906.837,14.86700000000019
174.0,454.0,1460.0,4919.95,4934.977,15.027000000000044
175.0,455.0,1470.0,4959.83,4974.915,15.085000000000036
176.0,459.0,1480.0,4999.69,5014.777,15.087000000000444
177.0,462.0,1490.0,5036.21,5051.453,15.243000000000393
178.0,463.0,1500.0,5076.28,5091.473,15.193000000000211
179.0,464.0,1510.0,5106.79,5122.129,15.338999999999942
180.0,465.0,1520.0,5146.85,5162.129,15.278999999999542
181.0,466.0,1530.0,5186.99,5202.421,15.431000000000495
183.0,468.0,1540.0,5225.78,5241.112,15.332000000000335
184.0,469.0,1550.0,5265.88,5281.358,15.478000000000065
185.0,476.0,1560.0,5305.93,5321.371,15.440999999999804
186.0,508.0,1570.0,5346.04,5361.64,15.600000000000364
187.0,528.0,1580.0,5386.2,5401.709,15.509000000000015
188.0,531.0,1590.0,5426.28,5441.942,15.662000000000262
189.0,534.0,1600.0,5449.19,5464.879,15.689000000000306
190.0,540.0,1610.0,5489.32,5504.948,15.628000000000611
191.0,541.0,1620.0,5529.39,5545.246,15.855999999999767
192.0,542.0,1630.0,5552.35,5568.114,15.763999999999214
193.0,543.0,1640.0,5592.44,5608.422,15.981999999999971
194.0,544.0,1650.0,5607.75,5623.77,16.020000000000437
195.0,546.0,1660.0,5647.81,5663.783,15.972999999999956
196.0,547.0,1670.0,5687.87,5704.072,16.202000000000226
197.0,548.0,1680.0,5727.92,5744.088,16.167999999999665
198.0,551.0,1690.0,5754.37,5770.673,16.302999999999884
199.0,553.0,1700.0,5794.37,5810.689,16.319000000000415
200.0,556.0,1710.0,5834.42,5850.922,16.501999999999498
201.0,557.0,1720.0,5874.45,5890.948,16.498000000000502
202.0,559.0,1730.0,5914.54,5931.27,16.730000000000473
203.0,561.0,1740.0,5954.62,5971.417,16.79700000000048
204.0,562.0,1750.0,5994.65,6011.706,17.056000000000495
205.0,566.0,1760.0,6034.71,6051.742,17.032000000000153
206.0,567.0,1770.0,6071.64,6088.871,17.230999999999767
207.0,568.0,1780.0,6111.68,6128.885,17.204999999999927
208.0,569.0,1790.0,6151.73,6169.108,17.37800000000061
209.0,570.0,1800.0,6191.74,6209.101,17.360999999999876
210.0,572.0,1810.0,6231.78,6249.38,17.600000000000364
211.0,574.0,1820.0,6271.85,6289.528,17.677999999999884
212.0,576.0,1830.0,6311.77,6329.902,18.131999999999607
213.0,577.0,1840.0,6351.91,6370.016,18.105999999999767
214.0,579.0,1850.0,6392.02,6410.272,18.251999999999498
215.0,580.0,1860.0,6411.38,6429.573,18.19300000000021
216.0,585.0,1870.0,6451.32,6469.754,18.434000000000196
217.0,589.0,1880.0,6491.33,6509.747,18.41700000000037
218.0,592.0,1890.0,6531.29,6549.938,18.64800000000014
219.0,605.0,1900.0,6571.3,6589.941,18.64099999999962
220.0,606.0,1910.0,6611.29,6630.154,18.864000000000487
221.0,607.0,1920.0,6651.22,6670.148,18.927999999999884
222.0,611.0,1930.0,6691.21,6710.384,19.173999999999978
223.0,612.0,1940.0,6731.14,6750.322,19.18199999999979
224.0,613.0,1950.0,6771.13,6790.528,19.39800000000014
225.0,616.0,1960.0,6803.11,6822.477,19.36700000000019
226.0,617.0,1970.0,6843.2,6862.73,19.529999999999745
227.0,619.0,1980.0,6863.86,6883.323,19.463000000000648
228.0,624.0,1990.0,6903.85,6923.57,19.719999999999345
229.0,627.0,2000.0,6943.85,6963.648,19.797999999999774
230.0,631.0,2010.0,6983.77,7003.783,20.01299999999992
231.0,633.0,2020.0,7016.64,7036.673,20.032999999999447
232.0,634.0,2030.0,7056.65,7076.916,20.26600000000053
233.0,635.0,2040.0,7096.68,7116.932,20.251999999999498
234.0,641.0,2050.0,7136.64,7157.156,20.51599999999962
235.0,642.0,2060.0,7176.67,7197.172,20.501999999999498
236.0,643.0,2070.0,7216.73,7237.395,20.665000000000873
237.0,644.0,2080.0,7256.79,7277.539,20.748999999999796
238.0,645.0,2090.0,7296.84,7317.677,20.836999999999534
241.0,649.0,2100.0,7336.88,7357.779,20.899000000000342
242.0,651.0,2110.0,7376.98,7398.035,21.05500000000029
243.0,652.0,2120.0,7417.07,7438.028,20.95800000000054
244.0,654.0,2130.0,7457.04,7478.209,21.16899999999987
245.0,656.0,2140.0,7497.1,7518.245,21.144999999999527
246.0,657.0,2150.0,7537.23,7558.501,21.27100000000064
247.0,659.0,2160.0,7577.32,7598.504,21.184000000000196
248.0,665.0,2170.0,7617.42,7638.806,21.385999999999513
249.0,697.0,2180.0,7657.51,7678.904,21.394000000000233
250.0,699.0,2190.0,7697.63,7719.337,21.707000000000335
251.0,700.0,2200.0,7737.73,7759.528,21.798000000000684
252.0,702.0,2210.0,7777.78,7799.803,22.02300000000014
253.0,706.0,2220.0,7788.68,7810.676,21.996000000000095
254.0,707.0,2230.0,7828.78,7850.725,21.94500000000062
255.0,714.0,2240.0,7868.87,7890.958,22.087999999999738
256.0,715.0,2250.0,7908.95,7931.007,22.05699999999979
257.0,716.0,2260.0,7948.8,7971.188,22.38799999999992
258.0,718.0,2270.0,7988.9,8011.411,22.511000000000422
259.0,720.0,2280.0,8029.06,8051.841,22.78099999999995
260.0,721.0,2290.0,8069.19,8091.932,22.74200000000019
261.0,722.0,2300.0,8109.22,8132.146,22.925999999999476
262.0,723.0,2310.0,8149.3,8172.172,22.87199999999939
263.0,724.0,2320.0,8189.36,8212.405,23.045000000000982
264.0,726.0,2330.0,8229.44,8252.408,22.967999999998938
265.0,727.0,2340.0,8269.53,8292.644,23.113999999999578
266.0,729.0,2350.0,8309.59,8332.69,23.100000000000364
267.0,730.0,2360.0,8349.7,8372.904,23.203999999999724
269.0,731.0,2370.0,8389.73,8412.917,23.186999999999898
270.0,732.0,2380.0,8429.85,8453.317,23.466999999998734
271.0,733.0,2390.0,8455.03,8478.458,23.427999999999884
272.0,735.0,2400.0,8495.11,8518.694,23.583999999998923
273.0,737.0,2410.0,8535.2,8558.825,23.625
274.0,738.0,2420.0,8575.28,8598.999,23.71899999999914
275.0,739.0,2430.0,8615.33,8638.993,23.663000000000466
276.0,743.0,2440.0,8655.39,8679.259,23.869000000000597
277.0,746.0,2450.0,8694.21,8717.995,23.785000000001673
278.0,749.0,2460.0,8734.21,8758.228,24.01800000000003
279.0,750.0,2470.0,8774.28,8798.222,23.941999999999098
280.0,752.0,2480.0,8814.34,8838.533,24.1929999999993
281.0,760.0,2490.0,8854.31,8878.425,24.11499999999978
282.0,761.0,2500.0,8894.31,8918.652,24.342000000000553
283.0,764.0,2510.0,8934.36,8958.599,24.238999999999578
284.0,765.0,2520.0,8972.21,8996.68,24.470000000001164
285.0,767.0,2530.0,9012.46,9036.857,24.397000000000844
286.0,768.0,2540.0,9052.64,9077.192,24.55199999999968
287.0,769.0,2550.0,9092.72,9117.224,24.504000000000815
288.0,772.0,2560.0,9132.76,9157.484,24.72400000000016
289.0,773.0,2570.0,9172.79,9197.477,24.686999999999898
290.0,777.0,2580.0,9212.83,9237.71,24.8799999999992
291.0,779.0,2590.0,9252.81,9277.759,24.949000000000524
292.0,781.0,2600.0,9292.73,9318.015,25.284999999999854
294.0,784.0,2610.0,9332.89,9358.196,25.306000000000495
295.0,785.0,2620.0,9373.09,9398.517,25.42699999999968
296.0,786.0,2630.0,9412.95,9438.609,25.65899999999965
298.0,788.0,2640.0,9423.94,9449.938,25.997999999999593
307.0,811.0,2650.0,9464.58,9490.161,25.58100000000013
308.0,812.0,2660.0,9481.55,9507.274,25.72400000000016
309.0,814.0,2670.0,9502.04,9527.835,25.794999999998254
310.0,816.0,2680.0,9542.13,9568.114,25.98400000000038
311.0,819.0,2690.0,9582.24,9608.248,26.00799999999981
312.0,822.0,2700.0,9622.29,9648.55,26.2599999999984
313.0,825.0,2710.0,9662.34,9688.684,26.34399999999914
314.0,826.0,2720.0,9698.96,9725.354,26.394000000000233
315.0,828.0,2730.0,9739.09,9765.423,26.33300000000054
316.0,829.0,2740.0,9779.3,9805.614,26.314000000000306
318.0,831.0,2750.0,9787.19,9814.134,26.943999999999505
319.0,832.0,2760.0,9802.28,9829.226,26.945999999999913
324.0,834.0,2770.0,9842.33,9869.36,27.030000000000655
326.0,839.0,2780.0,9880.1,9907.32,27.219999999999345
327.0,840.0,2790.0,9920.18,9947.346,27.165999999999258
328.0,842.0,2800.0,9960.23,9987.592,27.36200000000099
329.0,843.0,2810.0,10000.25,10027.575,27.325000000000728
330.0,844.0,2820.0,10040.32,10067.785,27.465000000000146
331.0,846.0,2830.0,10080.65,10108.022,27.372000000001208
333.0,849.0,2840.0,10121.04,10148.504,27.463999999999942
334.0,852.0,2850.0,10134.53,10161.969,27.438999999998487
335.0,858.0,2860.0,10174.6,10202.014,27.41399999999885
336.0,863.0,2870.0,10214.78,10242.503,27.722999999999956
337.0,864.0,2880.0,10254.92,10282.746,27.825999999999112
338.0,865.0,2890.0,10295.13,10323.176,28.046000000000276
339.0,866.0,2900.0,10335.22,10363.238,28.01800000000003
340.0,867.0,2910.0,10375.3,10403.448,28.148000000001048
341.0,868.0,2920.0,10395.84,10423.888,28.048000000000684
342.0,877.0,2930.0,10435.89,10464.101,28.21100000000115
344.0,879.0,2940.0,10475.98,10504.114,28.134000000000015
346.0,882.0,2950.0,10516.03,10544.373,28.342999999998938
347.0,888.0,2960.0,10556.14,10584.4,28.26000000000022
370.0,895.0,2970.0,10596.33,10624.797,28.467000000000553
375.0,900.0,2980.0,10636.39,10664.734,28.34400000000096
376.0,902.0,2990.0,10676.48,10705.0,28.520000000000437
377.0,903.0,3000.0,10716.58,10744.993,28.413000000000466
378.0,904.0,3010.0,10755.34,10783.993,28.653000000000247
381.0,907.0,3020.0,10775.14,10803.701,28.560999999999694
382.0,910.0,3030.0,10815.48,10844.173,28.69300000000112
383.0,914.0,3040.0,10855.52,10884.232,28.711999999999534
384.0,915.0,3050.0,10895.55,10924.511,28.96100000000115
385.0,916.0,3060.0,10935.57,10964.505,28.93499999999949
386.0,917.0,3070.0,10975.62,11004.708,29.087999999999738
387.0,918.0,3080.0,11015.67,11044.678,29.00799999999981
388.0,920.0,3090.0,11055.71,11084.888,29.178000000001703
390.0,922.0,3100.0,11095.72,11124.872,29.152000000000044
391.0,923.0,3110.0,11135.74,11165.039,29.299000000000888
392.0,924.0,3120.0,11175.73,11204.957,29.22700000000077
393.0,925.0,3130.0,11215.76,11245.148,29.38799999999901
394.0,926.0,3140.0,11255.83,11285.151,29.320999999999913
395.0,928.0,3150.0,11295.9,11325.331,29.431000000000495
396.0,930.0,3160.0,11335.96,11365.348,29.38800000000083
397.0,931.0,3170.0,11376.04,11405.538,29.497999999999593
398.0,933.0,3180.0,11416.08,11445.617,29.537000000000262
399.0,934.0,3190.0,11456.24,11485.909,29.66899999999987
400.0,940.0,3200.0,11496.38,11525.978,29.597999999999956
401.0,941.0,3210.0,11536.46,11566.211,29.751000000000204
402.0,942.0,3220.0,11576.56,11606.348,29.788000000000466
404.0,943.0,3230.0,11615.97,11645.869,29.89900000000125
405.0,945.0,3240.0,11655.8,11685.709,29.90900000000147
406.0,946.0,3250.0,11695.83,11725.919,30.088999999999942
407.0,951.0,3260.0,11735.85,11765.915,30.06500000000051
408.0,953.0,3270.0,11775.89,11806.148,30.25799999999981
409.0,954.0,3280.0,11815.91,11846.276,30.365999999999985
410.0,955.0,3290.0,11855.91,11886.519,30.60900000000038
411.0,957.0,3300.0,11895.94,11926.588,30.64799999999923
412.0,959.0,3310.0,11936.0,11966.814,30.814000000000306
413.0,961.0,3320.0,11976.04,12006.808,30.76800000000003
414.0,966.0,3330.0,12016.1,12047.041,30.940999999998894
415.0,967.0,3340.0,12056.09,12087.001,30.911000000000058
416.0,968.0,3350.0,12096.09,12127.215,31.125
417.0,973.0,3360.0,12136.11,12167.185,31.07499999999891
418.0,974.0,3370.0,12176.05,12207.398,31.347999999999956
420.0,978.0,3380.0,12216.01,12247.411,31.40099999999984
421.0,981.0,3390.0,12256.05,12287.733,31.683000000000902
422.0,982.0,3400.0,12296.1,12327.999,31.898999999999432
423.0,983.0,3410.0,12336.12,12368.301,32.180999999998676
424.0,986.0,3420.0,12376.08,12408.337,32.25699999999961
425.0,995.0,3430.0,12409.59,12442.031,32.44100000000071
427.0,1007.0,3440.0,12449.51,12482.077,32.5669999999991
428.0,1011.0,3450.0,12489.48,12522.172,32.69200000000092
429.0,1013.0,3460.0,12529.5,12562.185,32.68499999999949
430.0,1018.0,3470.0,12569.49,12602.411,32.92100000000028
431.0,1019.0,3480.0,12597.28,12630.131,32.85099999999875
432.0,1021.0,3490.0,12637.46,12670.335,32.875
434.0,1023.0,3500.0,12650.16,12683.547,33.387000000000626
435.0,1028.0,3510.0,12679.07,12712.287,33.21700000000055
436.0,1033.0,3520.0,12719.12,12752.3,33.17999999999847
437.0,1035.0,3530.0,12759.17,12792.523,33.352999999999156
438.0,1036.0,3540.0,12799.18,12832.559,33.378999999998996
439.0,1037.0,3550.0,12839.18,12872.74,33.55999999999949
440.0,1039.0,3560.0,12879.25,12912.874,33.623999999999796
441.0,1040.0,3570.0,12919.27,12952.946,33.675999999999476
442.0,1045.0,3580.0,12959.37,12992.982,33.61199999999917
443.0,1046.0,3590.0,12999.29,13033.13,33.83999999999833
444.0,1050.0,3600.0,13035.04,13068.868,33.82799999999952
445.0,1051.0,3610.0,13075.02,13109.101,34.08100000000013
446.0,1052.0,3620.0,13115.05,13149.108,34.0580000000009
447.0,1053.0,3630.0,13155.1,13189.386,34.28600000000006
451.0,1056.0,3640.0,13195.16,13229.432,34.272000000000844
452.0,1057.0,3650.0,13235.17,13269.623,34.45299999999952
453.0,1058.0,3660.0,13275.22,13309.705,34.48500000000058
454.0,1059.0,3670.0,13315.19,13349.895,34.70499999999993
455.0,1060.0,3680.0,13355.24,13389.898,34.65799999999945
458.0,1067.0,3690.0,13395.4,13430.112,34.711999999999534
460.0,1069.0,3700.0,13409.71,13445.292,35.582000000000335
461.0,1071.0,3710.0,13450.09,13485.449,35.35900000000038
462.0,1072.0,3720.0,13490.17,13525.659,35.48899999999958
463.0,1073.0,3730.0,13530.24,13565.719,35.47899999999936
464.0,1074.0,3740.0,13570.27,13606.043,35.77299999999923
465.0,1075.0,3750.0,13610.44,13646.132,35.6919999999991
469.0,1079.0,3760.0,13647.91,13684.049,36.13900000000103
470.0,1080.0,3770.0,13686.89,13723.045,36.155000000000655
471.0,1081.0,3780.0,13726.94,13763.258,36.3179999999993
472.0,1082.0,3790.0,13751.23,13787.523,36.292999999999665
473.0,1083.0,3800.0,13791.16,13827.74,36.57999999999993
474.0,1084.0,3810.0,13831.31,13867.785,36.475000000000364
478.0,1093.0,3820.0,13871.43,13907.989,36.55899999999929
479.0,1094.0,3830.0,13911.58,13948.045,36.465000000000146
480.0,1095.0,3840.0,13951.67,13988.238,36.5679999999993
481.0,1096.0,3850.0,13962.95,13999.413,36.46299999999974
483.0,1099.0,3860.0,14003.03,14039.659,36.628999999998996
484.0,1100.0,3870.0,14030.23,14066.778,36.548000000000684
486.0,1102.0,3880.0,14044.12,14081.283,37.16299999999865
487.0,1103.0,3890.0,14057.38,14094.098,36.71800000000076
488.0,1110.0,3900.0,14097.51,14134.386,36.876000000000204
489.0,1111.0,3910.0,14137.56,14174.39,36.82999999999993
490.0,1113.0,3920.0,14177.74,14214.583,36.84300000000076
492.0,1115.0,3930.0,14192.65,14230.112,37.461999999999534
493.0,1116.0,3940.0,14215.54,14252.726,37.185999999999694
494.0,1117.0,3950.0,14255.62,14292.874,37.253999999998996
495.0,1127.0,3960.0,14295.73,14333.281,37.551000000001295
496.0,1129.0,3970.0,14335.77,14373.33,37.55999999999949
497.0,1131.0,3980.0,14375.79,14413.576,37.78599999999824
498.0,1132.0,3990.0,14415.89,14453.602,37.71200000000135
499.0,1133.0,4000.0,14455.91,14493.891,37.98099999999977
500.0,1134.0,4010.0,14495.99,14533.983,37.99300000000039
501.0,1135.0,4020.0,14536.06,14574.216,38.15600000000086
502.0,1139.0,4030.0,14576.18,14614.327,38.146999999999025
503.0,1140.0,4040.0,14616.24,14654.652,38.41200000000026
505.0,1144.0,4050.0,14656.33,14694.688,38.358000000000175
506.0,1147.0,4060.0,14696.18,14734.944,38.763999999999214
507.0,1148.0,4070.0,14703.07,14741.844,38.77399999999943
508.0,1150.0,4080.0,14741.05,14779.826,38.77599999999984
517.0,1175.0,4090.0,14770.67,14809.695,39.024999999999636
518.0,1179.0,4100.0,14776.84,14815.751,38.91100000000006
519.0,1180.0,4110.0,14816.3,14855.331,39.03100000000086
520.0,1181.0,4120.0,14856.33,14895.509,39.17900000000009
521.0,1182.0,4130.0,14896.33,14935.623,39.292999999999665
522.0,1187.0,4140.0,14902.4,14941.68,39.280000000000655
524.0,1204.0,4150.0,14921.6,14960.876,39.27599999999984
529.0,1217.0,4160.0,14957.97,15001.115,43.14500000000044
564.0,1229.0,4190.0,14972.08,15011.617,39.53700000000026
572.0,1238.0,4200.0,14985.3,15024.764,39.46399999999994
577.0,1254.0,4210.0,15025.35,15065.039,39.689000000000306
592.0,1270.0,4220.0,15065.38,15105.056,39.676000000001295
622.0,1289.0,4230.0,15105.49,15145.279,39.78900000000067
624.0,1293.0,4240.0,15145.46,15185.384,39.92400000000089
628.0,1297.0,4250.0,15185.39,15225.486,40.09600000000137
630.0,1302.0,4260.0,15225.33,15265.39,40.05999999999949
632.0,1307.0,4270.0,15264.67,15304.934,40.263999999999214
637.0,1311.0,4280.0,15275.56,15315.86,40.30000000000109
638.0,1312.0,4290.0,15285.68,15325.833,40.15300000000025
640.0,1314.0,4300.0,15294.95,15335.797,40.84699999999975
642.0,1315.0,4310.0,15312.24,15352.431,40.19100000000071
644.0,1317.0,4320.0,15320.25,15360.951,40.70099999999911
645.0,1318.0,4330.0,15341.07,15381.522,40.452000000001135
647.0,1321.0,4340.0,15352.78,15393.717,40.9369999999999
650.0,1324.0,4350.0,15366.31,15406.719,40.40899999999965
652.0,1326.0,4360.0,15375.09,15416.299,41.20900000000074
655.0,1331.0,4370.0,15387.56,15428.228,40.667999999999665
656.0,1333.0,4380.0,15427.75,15468.432,40.6820000000007
658.0,1335.0,4390.0,15439.11,15480.758,41.64799999999923
660.0,1336.0,4400.0,15464.3,15506.161,41.861000000000786
661.0,1338.0,4410.0,15504.34,15546.545,42.20499999999993
663.0,1342.0,4420.0,15544.4,15586.683,42.283000000001266
664.0,1343.0,4430.0,15584.42,15626.919,42.498999999999796
666.0,1346.0,4440.0,15624.49,15666.955,42.465000000000146
667.0,1347.0,4450.0,15664.67,15707.274,42.60399999999936
668.0,1350.0,4460.0,15704.83,15747.346,42.51599999999962
669.0,1352.0,4470.0,15744.92,15787.569,42.64899999999943
670.0,1353.0,4480.0,15784.93,15827.546,42.615999999999985
671.0,1354.0,4490.0,15824.95,15867.799,42.84900000000016
672.0,1355.0,4500.0,15859.81,15902.585,42.774999999999636
674.0,1357.0,4510.0,15899.73,15942.841,43.111000000000786
675.0,1362.0,4520.0,15939.81,15982.999,43.189000000000306
676.0,1368.0,4530.0,15979.91,16023.343,43.4330000000009
677.0,1371.0,4540.0,16020.03,16063.399,43.36899999999878
679.0,1374.0,4550.0,16060.0,16103.593,43.59300000000076
680.0,1375.0,4560.0,16099.07,16142.612,43.54199999999946
681.0,1376.0,4570.0,16139.14,16182.953,43.8130000000001
682.0,1378.0,4580.0,16179.2,16223.068,43.867999999998574
683.0,1380.0,4590.0,16219.25,16263.379,44.129000000000815
684.0,1381.0,4600.0,16259.28,16303.415,44.13500000000022
685.0,1382.0,4610.0,16299.36,16343.671,44.310999999999694
686.0,1383.0,4620.0,16339.42,16383.72,44.29999999999927
688.0,1385.0,4630.0,16379.33,16423.845,44.51500000000124
689.0,1386.0,4640.0,16419.43,16463.881,44.45100000000093
691.0,1388.0,4650.0,16459.45,16504.062,44.61200000000099
693.0,1392.0,4660.0,16499.44,16544.022,44.582000000002154
700.0,1399.0,4670.0,16539.54,16584.232,44.6919999999991
701.0,1401.0,4680.0,16579.65,16624.281,44.630999999997584
703.0,1404.0,4690.0,16619.73,16664.528,44.797999999998865
709.0,1406.0,4700.0,16659.85,16704.583,44.733000000000175
715.0,1411.0,4710.0,16699.96,16744.787,44.827000000001135
725.0,1420.0,4720.0,16740.08,16784.813,44.73299999999654
726.0,1423.0,4730.0,16780.19,16825.059,44.869000000002416
729.0,1425.0,4740.0,16820.29,16865.062,44.772000000000844
730.0,1426.0,4750.0,16860.34,16905.285,44.94499999999971
731.0,1427.0,4760.0,16900.42,16945.256,44.83600000000297
732.0,1429.0,4770.0,16940.39,16985.469,45.07900000000154
733.0,1431.0,4780.0,16980.5,17025.594,45.09400000000096
734.0,1432.0,4790.0,17020.62,17065.837,45.21700000000055
735.0,1433.0,4800.0,17060.75,17105.866,45.116000000001804
736.0,1434.0,4810.0,17100.85,17146.165,45.31500000000233
737.0,1436.0,4820.0,17141.12,17186.398,45.278000000002066
738.0,1437.0,4830.0,17181.45,17226.864,45.41400000000067
739.0,1438.0,4840.0,17193.31,17238.74,45.43000000000029
740.0,1439.0,4850.0,17233.54,17279.029,45.48899999999776
741.0,1440.0,4860.0,17273.64,17319.173,45.53299999999945
742.0,1441.0,4870.0,17313.8,17359.475,45.67499999999927
743.0,1443.0,4880.0,17353.93,17399.534,45.60399999999936
744.0,1447.0,4890.0,17393.97,17439.767,45.79699999999866
745.0,1448.0,4900.0,17434.03,17479.882,45.85200000000259
748.0,1450.0,4910.0,17474.05,17520.125,46.07500000000073
750.0,1452.0,4920.0,17514.06,17560.295,46.234999999996944
751.0,1453.0,4930.0,17554.21,17600.659,46.449000000000524
753.0,1455.0,4940.0,17563.57,17610.689,47.11899999999878
754.0,1456.0,4950.0,17589.01,17635.728,46.71800000000076
755.0,1460.0,4960.0,17620.31,17666.975,46.664999999997235
756.0,1462.0,4970.0,17660.43,17707.08,46.650000000001455
757.0,1463.0,4980.0,17700.59,17747.208,46.617999999998574
758.0,1464.0,4990.0,17740.76,17787.395,46.63500000000204
759.0,1465.0,5000.0,17780.81,17827.441,46.630999999997584
760.0,1466.0,5010.0,17820.91,17867.543,46.63300000000163
761.0,1467.0,5020.0,17861.04,17907.723,46.6830000000009
762.0,1468.0,5030.0,17892.86,17939.626,46.76599999999962
763.0,1469.0,5040.0,17932.93,17979.724,46.79399999999805
764.0,1470.0,5050.0,17973.09,18019.915,46.82500000000073
765.0,1471.0,5060.0,18013.2,18059.957,46.75699999999779
766.0,1475.0,5070.0,18044.52,18091.391,46.870999999999185
767.0,1476.0,5080.0,18084.58,18131.467,46.88699999999881
768.0,1477.0,5090.0,18124.56,18171.549,46.98899999999776
769.0,1478.0,5100.0,18164.55,18211.552,47.00200000000041
772.0,1480.0,5110.0,18204.57,18251.742,47.17199999999866
773.0,1481.0,5120.0,18212.77,18259.869,47.09899999999834
776.0,1483.0,5130.0,18252.75,18299.987,47.23700000000099
777.0,1484.0,5140.0,18292.72,18340.072,47.35199999999895
778.0,1485.0,5150.0,18332.63,18380.148,47.51800000000003
779.0,1486.0,5160.0,18372.49,18420.135,47.6449999999968
780.0,1487.0,5170.0,18412.49,18460.197,47.706999999998516
781.0,1489.0,5180.0,18452.49,18500.538,48.047999999998865
783.0,1491.0,5190.0,18492.4,18540.6,48.19999999999709
784.0,1492.0,5200.0,18526.94,18575.387,48.447000000000116
785.0,1493.0,5210.0,18566.97,18615.469,48.498999999999796
786.0,1494.0,5220.0,18606.87,18655.515,48.64500000000044
787.0,1495.0,5230.0,18646.76,18695.433,48.6730000000025
788.0,1496.0,5240.0,18686.76,18735.61,48.85000000000218
789.0,1497.0,5250.0,18726.75,18775.646,48.89600000000064
790.0,1498.0,5260.0,18766.8,18815.804,49.004000000000815
791.0,1499.0,5270.0,18806.83,18855.794,48.96399999999994
797.0,1501.0,5280.0,18842.14,18891.201,49.06100000000151
799.0,1503.0,5290.0,18853.96,18903.533,49.57300000000032
801.0,1505.0,5300.0,18894.32,18943.615,49.29500000000189
802.0,1506.0,5310.0,18934.5,18983.917,49.41700000000128
804.0,1508.0,5320.0,18974.64,19024.026,49.38600000000224
805.0,1514.0,5330.0,19004.9,19054.409,49.508999999998196
806.0,1515.0,5340.0,19044.85,19094.36,49.51000000000204
807.0,1516.0,5350.0,19084.88,19134.633,49.75300000000061
808.0,1521.0,5360.0,19124.93,19174.649,49.71900000000096
809.0,1524.0,5370.0,19165.0,19214.944,49.943999999999505
811.0,1525.0,5390.0,19244.41,19255.02,10.610000000000582
812.0,1526.0,5400.0,19284.44,19294.636,10.195999999999913
815.0,1527.0,5410.0,19324.37,19334.721,10.351000000002387
816.0,1528.0,5420.0,19364.31,19375.102,10.791999999997643
817.0,1529.0,5430.0,19404.28,19415.144,10.864000000001397
818.0,1530.0,5440.0,19444.27,19455.361,11.09100000000035
819.0,1531.0,5450.0,19484.27,19495.41,11.139999999999418
820.0,1532.0,5460.0,19524.29,19535.558,11.268000000000029
821.0,1533.0,5470.0,19564.2,19575.607,11.406999999999243
822.0,1534.0,5480.0,19604.24,19615.948,11.70799999999872
823.0,1535.0,5490.0,19644.28,19655.961,11.681000000000495
824.0,1536.0,5500.0,19684.27,19696.24,11.970000000001164
825.0,1539.0,5510.0,19724.27,19736.204,11.934000000001106
826.0,1540.0,5520.0,19764.25,19776.417,12.16700000000128
827.0,1541.0,5530.0,19804.16,19816.414,12.254000000000815
828.0,1542.0,5540.0,19844.19,19856.621,12.431000000000495
829.0,1543.0,5550.0,19884.17,19896.624,12.454000000001543
830.0,1544.0,5560.0,19924.23,19936.9,12.670000000001892
831.0,1545.0,5570.0,19964.16,19976.929,12.769000000000233
832.0,1546.0,5580.0,20004.05,20017.064,13.013999999999214
833.0,1547.0,5590.0,20044.08,20057.024,12.943999999999505
834.0,1548.0,5600.0,20084.08,20097.26,13.179999999996653
835.0,1549.0,5610.0,20124.14,20137.185,13.045000000001892
836.0,1551.0,5620.0,20164.33,20177.421,13.090999999996711
838.0,1552.0,5630.0,20204.48,20217.598,13.118000000002212
839.0,1554.0,5640.0,20244.53,20257.9,13.37000000000262
840.0,1555.0,5650.0,20284.47,20297.913,13.442999999999302
841.0,1556.0,5660.0,20324.54,20338.074,13.53399999999965
844.0,1557.0,5670.0,20364.66,20378.051,13.390999999999622
845.0,1561.0,5680.0,20404.89,20418.278,13.38799999999901
847.0,1562.0,5690.0,20443.59,20458.465,14.875
848.0,1564.0,5700.0,20483.66,20497.336,13.675999999999476
849.0,1565.0,5710.0,20523.69,20537.316,13.626000000000204
850.0,1567.0,5720.0,20563.77,20577.51,13.739999999997963
851.0,1568.0,5730.0,20603.86,20617.533,13.672999999998865
852.0,1569.0,5740.0,20643.92,20657.756,13.836000000002969
853.0,1570.0,5750.0,20683.91,20697.73,13.819999999999709
854.0,1572.0,5760.0,20723.99,20737.93,13.93999999999869
855.0,1573.0,5770.0,20764.11,20777.943,13.83299999999872
856.0,1574.0,5780.0,20804.2,20818.179,13.97899999999936
857.0,1575.0,5790.0,20844.46,20858.205,13.74500000000262
858.0,1576.0,5800.0,20856.18,20898.478,42.297999999998865
859.0,1578.0,5810.0,20896.27,20910.203,13.933000000000902
860.0,1579.0,5820.0,20936.25,20950.43,14.180000000000291
861.0,1580.0,5830.0,20969.67,20990.577,20.90700000000288
862.0,1581.0,5840.0,21009.74,21024.085,14.344999999997526
864.0,1582.0,5850.0,21049.76,21064.131,14.371000000002823
865.0,1586.0,5860.0,21070.74,21104.531,33.79099999999744
866.0,1587.0,5870.0,21110.85,21125.525,14.67500000000291
869.0,1588.0,5880.0,21150.86,21165.738,14.878000000000611
870.0,1589.0,5890.0,21190.97,21205.863,14.893000000000029
871.0,1590.0,5900.0,21231.05,21245.919,14.869000000002416
873.0,1591.0,5910.0,21271.06,21286.168,15.108000000000175
877.0,1592.0,5920.0,21311.11,21326.096,14.986000000000786
893.0,1594.0,5930.0,21351.11,21366.332,15.221999999997934
924.0,1607.0,5940.0,21391.18,21401.25,10.069999999999709
931.0,1609.0,5950.0,21431.27,21443.136,11.865999999998166
942.0,1610.0,5960.0,21471.34,21484.229,12.888999999999214
943.0,1616.0,5970.0,21511.39,21526.749,15.359000000000378
944.0,1618.0,5980.0,21551.47,21566.814,15.343999999997322
946.0,1619.0,5990.0,21591.49,21606.926,15.435999999997875
947.0,1620.0,6000.0,21631.54,21646.877,15.336999999999534
948.0,1621.0,6010.0,21671.62,21687.054,15.434000000001106
950.0,1622.0,6020.0,21711.5,21727.119,15.618999999998778
951.0,1623.0,6030.0,21744.38,21767.402,23.021999999997206
952.0,1625.0,6040.0,21754.09,21800.42,46.32999999999811
953.0,1626.0,6050.0,21794.15,21810.151,16.001000000000204
954.0,1627.0,6060.0,21834.3,21850.233,15.933000000000902
958.0,1628.0,6070.0,21874.41,21890.325,15.915000000000873
962.0,1634.0,6080.0,21914.5,21930.627,16.127000000000407
963.0,1636.0,6090.0,21954.53,21970.627,16.09700000000157
965.0,1638.0,6100.0,21994.61,22011.017,16.406999999999243
970.0,1640.0,6110.0,22034.68,22051.053,16.372999999999593
973.0,1646.0,6120.0,22074.76,22091.224,16.463999999999942
980.0,1651.0,6130.0,22114.84,22131.28,16.43999999999869
981.0,1656.0,6140.0,22154.86,22171.512,16.651999999998225
982.0,1657.0,6150.0,22194.99,22211.509,16.518999999996595
983.0,1659.0,6160.0,22234.95,22251.772,16.822000000000116
984.0,1660.0,6170.0,22274.98,22291.693,16.712999999999738
985.0,1661.0,6180.0,22315.0,22331.88,16.88000000000102
988.0,1662.0,6190.0,22355.06,22371.86,16.799999999999272
989.0,1663.0,6200.0,22395.11,22412.067,16.956999999998516
990.0,1666.0,6210.0,22435.16,22452.08,16.92000000000189
991.0,1674.0,6220.0,22475.21,22492.293,17.083000000002357
992.0,1676.0,6230.0,22515.16,22532.316,17.15599999999904
993.0,1678.0,6240.0,22555.07,22572.533,17.462999999999738
994.0,1679.0,6250.0,22595.05,22612.415,17.3650000000016
995.0,1680.0,6260.0,22612.04,22652.638,40.59799999999814
996.0,1681.0,6270.0,22652.08,22669.613,17.532999999999447
999.0,1682.0,6280.0,22692.08,22709.872,17.791999999997643
1000.0,1685.0,6290.0,22732.07,22749.98,17.909999999999854
1001.0,1687.0,6300.0,22772.01,22790.2,18.19000000000233
1002.0,1688.0,6310.0,22811.93,22830.279,18.34899999999834
1004.0,1689.0,6320.0,22851.97,22870.354,18.383999999998196
1005.0,1693.0,6330.0,22891.98,22910.384,18.403999999998632
1006.0,1694.0,6340.0,22932.08,22950.581,18.500999999996566
1007.0,1695.0,6350.0,22972.1,22990.584,18.48400000000038
1014.0,1696.0,6360.0,23012.16,23030.751,18.59100000000035
1041.0,1702.0,6370.0,23052.31,23070.951,18.64099999999962
1046.0,1725.0,6380.0,23092.29,23111.309,19.019000000000233
1047.0,1728.0,6390.0,23132.4,23151.355,18.95499999999811
1048.0,1732.0,6400.0,23172.39,23191.699,19.309000000001106
1050.0,1734.0,6410.0,23212.4,23231.673,19.27299999999741
1051.0,1753.0,6420.0,23239.89,23271.808,31.918000000001484
1052.0,1754.0,6430.0,23279.88,23299.429,19.54899999999907
1053.0,1755.0,6440.0,23319.79,23339.357,19.566999999999098
1054.0,1756.0,6450.0,23359.8,23379.482,19.6820000000007
1055.0,1757.0,6460.0,23399.85,23419.534,19.684000000001106
1056.0,1758.0,6470.0,23439.7,23459.79,20.090000000000146
1057.0,1760.0,6480.0,23479.57,23499.61,20.040000000000873
1058.0,1762.0,6490.0,23519.41,23539.764,20.35399999999936
1059.0,1763.0,6500.0,23559.4,23579.695,20.294999999998254
1060.0,1768.0,6510.0,23599.36,23619.777,20.416999999997643
1061.0,1771.0,6520.0,23639.09,23659.813,20.722999999998137
1070.0,1772.0,6530.0,23679.06,23699.738,20.677999999999884
1079.0,1778.0,6540.0,23706.72,23739.767,33.04699999999866
1082.0,1787.0,6550.0,23746.71,23767.621,20.911000000000058
1084.0,1790.0,6560.0,23786.7,23807.579,20.879000000000815
1085.0,1792.0,6570.0,23826.75,23847.782,21.031999999999243
1086.0,1794.0,6580.0,23866.72,23887.799,21.078999999997905
1088.0,1798.0,6590.0,23906.73,23927.959,21.22899999999936
1090.0,1803.0,6600.0,23946.77,23967.904,21.133999999998196
1093.0,1810.0,6610.0,23986.81,24008.14,21.32999999999811
1094.0,1812.0,6620.0,24026.84,24048.133,21.293000000001484
1095.0,1813.0,6630.0,24066.88,24088.376,21.495999999999185
1096.0,1814.0,6640.0,24106.91,24128.366,21.45600000000195
1097.0,1815.0,6650.0,24143.42,24168.537,25.117000000002008
1098.0,1816.0,6660.0,24183.46,24204.98,21.520000000000437
1099.0,1817.0,6670.0,24223.56,24245.138,21.5779999999977
1100.0,1818.0,6680.0,24263.6,24285.141,21.541000000001077
1101.0,1819.0,6690.0,24303.7,24325.315,21.614999999997963
1102.0,1823.0,6700.0,24343.73,24365.289,21.559000000001106
1103.0,1824.0,6710.0,24383.79,24405.482,21.691999999999098
1104.0,1825.0,6720.0,24423.79,24445.453,21.663000000000466
1105.0,1828.0,6730.0,24463.97,24485.676,21.705999999998312
1106.0,1829.0,6740.0,24504.11,24525.876,21.76599999999962
1107.0,1830.0,6750.0,24544.21,24566.076,21.866000000001804
1108.0,1831.0,6760.0,24584.28,24606.037,21.757000000001426
1109.0,1832.0,6770.0,24612.39,24646.214,33.824000000000524
1110.0,1838.0,6780.0,24652.48,24674.259,21.778999999998632
1111.0,1839.0,6790.0,24692.46,24714.432,21.97200000000157
1113.0,1840.0,6800.0,24732.51,24754.462,21.952000000001135
1114.0,1846.0,6810.0,24772.63,24794.544,21.91400000000067
1115.0,1847.0,6820.0,24812.63,24834.629,21.998999999999796
1116.0,1848.0,6830.0,24852.74,24874.948,22.20799999999872
1117.0,1852.0,6840.0,24892.75,24914.977,22.226999999998952
1118.0,1853.0,6850.0,24932.96,24955.056,22.096000000001368
1119.0,1854.0,6860.0,24973.03,24995.154,22.123999999999796
1120.0,1855.0,6870.0,25012.89,25035.354,22.463999999999942
1121.0,1856.0,6880.0,25052.82,25075.272,22.452000000001135
1122.0,1857.0,6890.0,25085.55,25115.646,30.096000000001368
1123.0,1859.0,6900.0,25125.46,25148.422,22.961999999999534
1124.0,1860.0,6910.0,25165.46,25188.773,23.31300000000192
1125.0,1861.0,6920.0,25205.48,25228.845,23.3650000000016
1126.0,1864.0,6930.0,25245.51,25269.094,23.58400000000256
1127.0,1865.0,6940.0,25285.57,25309.049,23.47899999999936
1128.0,1867.0,6950.0,25325.67,25349.222,23.552000000003318
1129.0,1869.0,6960.0,25365.71,25389.255,23.54500000000189
1130.0,1870.0,6970.0,25405.72,25429.442,23.721999999997934
1131.0,1871.0,6980.0,25445.68,25469.482,23.80199999999968
1132.0,1872.0,6990.0,25485.89,25509.58,23.69000000000233
1135.0,1873.0,7000.0,25526.07,25549.806,23.736000000000786
1136.0,1877.0,7010.0,25546.04,25590.069,44.02899999999863
1138.0,1878.0,7020.0,25586.31,25610.066,23.755999999997584
1139.0,1893.0,7030.0,25600.29,25650.246,49.95599999999831
1140.0,1894.0,7040.0,25640.19,25664.085,23.895000000000437
1141.0,1897.0,7050.0,25668.0,25704.199,36.199000000000524
1142.0,1899.0,7060.0,25708.1,25732.031,23.931000000000495
1143.0,1900.0,7070.0,25745.74,25772.169,26.429000000000087
1144.0,1902.0,7080.0,25785.81,25809.865,24.05500000000029
1145.0,1903.0,7090.0,25815.49,25849.915,34.42499999999927
1147.0,1904.0,7110.0,25865.25,25879.652,14.401999999998225
1149.0,1905.0,7120.0,25874.03,25889.111,15.08100000000195
1152.0,1906.0,7130.0,25914.31,25929.35,15.039999999997235
1153.0,1909.0,7140.0,25954.33,25938.816,-15.514000000002852
1154.0,1911.0,7150.0,25994.38,25978.783,-15.597000000001572
1155.0,1914.0,7160.0,26034.38,26018.94,-15.440000000002328
1157.0,1916.0,7170.0,26074.44,26059.127,-15.312999999998283
1159.0,1918.0,7180.0,26114.54,26099.104,-15.436000000001513
1160.0,1919.0,7190.0,26134.55,26139.163,4.613000000001193
1161.0,1922.0,7200.0,26174.57,26179.347,4.777000000001863
1162.0,1923.0,7210.0,26214.75,26199.364,-15.385999999998603
1163.0,1924.0,7220.0,26254.77,26239.472,-15.297999999998865
1164.0,1925.0,7230.0,26294.84,26279.806,-15.03399999999965
1165.0,1926.0,7240.0,26334.9,26319.885,-15.015000000003056
1166.0,1927.0,7250.0,26374.97,26359.849,-15.121000000002823
1167.0,1928.0,7260.0,26415.02,26400.03,-14.9900000000016
1170.0,1929.0,7270.0,26455.08,26440.066,-15.014000000002852
1171.0,1930.0,7280.0,26495.15,26480.318,-14.832000000002154
1172.0,1931.0,7290.0,26535.07,26520.279,-14.791000000001077
1173.0,1932.0,7300.0,26575.04,26560.463,-14.577000000001135
1174.0,1934.0,7310.0,26615.09,26600.354,-14.736000000000786
1175.0,1936.0,7320.0,26655.11,26640.564,-14.546000000002095
1176.0,1937.0,7330.0,26695.13,26680.515,-14.6150000000016
1177.0,1939.0,7340.0,26735.04,26720.741,-14.298999999999069
1178.0,1940.0,7350.0,26775.18,26760.755,-14.424999999999272
1179.0,1941.0,7360.0,26815.26,26800.899,-14.360999999997148
1180.0,1945.0,7370.0,26827.65,26840.971,13.320999999999913
1181.0,1946.0,7380.0,26867.78,26881.309,13.52900000000227
1189.0,1947.0,7390.0,26908.0,26893.704,-14.295999999998457
1191.0,1949.0,7400.0,26930.83,26933.855,3.024999999997817
1197.0,1955.0,7410.0,26971.0,26974.15,3.150000000001455
1199.0,1957.0,7420.0,26984.21,26996.867,12.656999999999243
1205.0,1959.0,7430.0,27014.39,27037.129,22.739000000001397
1206.0,1961.0,7440.0,27045.83,27051.175,5.344999999997526
1207.0,1967.0,7450.0,27085.94,27081.063,-4.8770000000004075
1208.0,1968.0,7460.0,27126.08,27112.526,-13.554000000000087
1209.0,1971.0,7470.0,27166.22,27152.654,-13.566000000002532
1210.0,1972.0,7480.0,27206.28,27192.841,-13.438999999998487
1211.0,1975.0,7490.0,27246.37,27232.884,-13.486000000000786
1214.0,1976.0,7500.0,27286.32,27273.094,-13.225999999998749
1215.0,1978.0,7510.0,27315.6,27313.1,-2.5
1216.0,1981.0,7520.0,27355.59,27353.373,-2.217000000000553
1218.0,1983.0,7530.0,27395.57,27382.664,-12.90599999999904
1219.0,1986.0,7540.0,27435.57,27422.858,-12.711999999999534
1220.0,1988.0,7550.0,27475.59,27462.792,-12.797999999998865
1223.0,1989.0,7560.0,27515.59,27503.012,-12.578000000001339
1224.0,1990.0,7570.0,27555.63,27542.949,-12.681000000000495
1225.0,1992.0,7580.0,27595.59,27583.114,-12.475999999998749
1226.0,1993.0,7590.0,27635.56,27623.094,-12.46600000000035
1227.0,1996.0,7600.0,27675.6,27663.232,-12.367999999998574
1228.0,1999.0,7610.0,27715.69,27703.15,-12.539999999997235
1229.0,2000.0,7620.0,27755.92,27743.392,-12.527999999998428
1230.0,2004.0,7630.0,27795.98,27783.412,-12.567999999999302
1231.0,2006.0,7640.0,27836.17,27823.727,-12.442999999999302
1232.0,2007.0,7650.0,27876.26,27863.727,-12.532999999999447
1233.0,2009.0,7660.0,27916.34,27904.039,-12.300999999999476
1234.0,2021.0,7670.0,27956.49,27944.032,-12.458000000002357
1239.0,2022.0,7680.0,27996.44,27984.327,-12.112999999997555
1241.0,2025.0,7690.0,28009.13,28024.469,15.338999999999942
1242.0,2030.0,7700.0,28049.45,28064.56,15.110000000000582
1243.0,2032.0,7710.0,28089.41,28077.89,-11.520000000000437
1244.0,2034.0,7720.0,28109.97,28118.156,8.185999999997875
1245.0,2036.0,7730.0,28150.03,28158.589,8.559000000001106
1246.0,2037.0,7740.0,28190.06,28179.085,-10.975000000002183
1247.0,2038.0,7750.0,28230.12,28219.288,-10.831999999998516
1248.0,2039.0,7760.0,28262.74,28259.262,-3.478000000002794
1250.0,2040.0,7770.0,28302.86,28299.38,-3.4799999999995634
1251.0,2043.0,7780.0,28335.76,28332.001,-3.7589999999981956
1252.0,2044.0,7790.0,28375.79,28372.228,-3.562000000001717
1253.0,2045.0,7800.0,28415.95,28405.059,-10.890999999999622
1254.0,2046.0,7810.0,28456.0,28445.233,-10.766999999999825
1255.0,2048.0,7820.0,28496.11,28485.338,-10.772000000000844
1256.0,2051.0,7830.0,28536.1,28525.548,-10.55199999999968
1257.0,2052.0,7840.0,28576.12,28565.564,-10.556000000000495
1258.0,2053.0,7850.0,28616.19,28605.728,-10.461999999999534
1259.0,2055.0,7860.0,28656.3,28645.817,-10.483000000000175
1262.0,2056.0,7870.0,28696.36,28685.971,-10.388999999999214
1263.0,2057.0,7880.0,28736.28,28725.997,-10.282999999999447
1264.0,2059.0,7890.0,28776.33,28766.171,-10.159000000003289
1265.0,2060.0,7900.0,28816.42,28806.04,-10.37999999999738
1268.0,2061.0,7910.0,28856.46,28846.335,-10.125
1273.0,2063.0,7920.0,28896.56,28886.401,-10.15899999999965
1274.0,2071.0,7930.0,28936.66,28926.644,-10.015999999999622
1275.0,2074.0,7940.0,28976.83,28966.644,-10.186000000001513
1276.0,2075.0,7950.0,29016.91,29006.903,-10.007000000001426
1277.0,2076.0,7960.0,29056.98,29046.962,-10.018000000000029
1281.0,2077.0,7970.0,29097.07,29087.208,-9.86200000000099
1283.0,2078.0,7980.0,29130.47,29127.192,-3.2780000000020664
1284.0,2081.0,7990.0,29170.51,29167.47,-3.039999999997235
1287.0,2082.0,8000.0,29210.59,29200.768,-9.822000000000116
1292.0,2084.0,8010.0,29250.55,29241.02,-9.529999999998836
1296.0,2090.0,8020.0,29290.63,29281.037,-9.593000000000757
1297.0,2096.0,8030.0,29330.67,29321.132,-9.537999999996828
1298.0,2098.0,8040.0,29370.81,29361.171,-9.639000000002852
1299.0,2101.0,8050.0,29411.06,29401.348,-9.711999999999534
1300.0,2102.0,8060.0,29451.25,29441.391,-9.859000000000378
1326.0,2103.0,8070.0,29491.31,29481.663,-9.647000000000844
1329.0,2104.0,8080.0,29531.38,29521.759,-9.621000000002823
1330.0,2132.0,8090.0,29571.42,29562.11,-9.309999999997672
1331.0,2134.0,8100.0,29611.46,29602.119,-9.34100000000035
1332.0,2135.0,8110.0,29651.51,29642.339,-9.170999999998457
1333.0,2138.0,8120.0,29689.14,29682.343,-6.796999999998661
1334.0,2139.0,8130.0,29729.52,29722.543,-6.976999999998952
1336.0,2141.0,8140.0,29741.31,29760.151,18.84100000000035
1338.0,2144.0,8150.0,29781.95,29800.643,18.6929999999993
1339.0,2146.0,8160.0,29802.06,29812.9,10.840000000000146
1340.0,2151.0,8170.0,29836.38,29853.15,16.770000000000437
1341.0,2153.0,8180.0,29876.45,29873.353,-3.0970000000015716
1342.0,2156.0,8190.0,29916.51,29907.654,-8.855999999999767
1343.0,2157.0,8200.0,29956.58,29947.933,-8.647000000000844
1344.0,2158.0,8210.0,29996.58,29987.966,-8.614000000001397
1345.0,2161.0,8220.0,30036.57,30028.199,-8.370999999999185
1346.0,2162.0,8230.0,30076.64,30068.255,-8.3849999999984
1347.0,2163.0,8240.0,30116.69,30108.399,-8.290999999997439
1348.0,2164.0,8250.0,30156.79,30148.409,-8.381000000001222
1349.0,2165.0,8260.0,30196.67,30188.629,-8.040999999997439
1350.0,2167.0,8270.0,30236.76,30228.645,-8.114999999997963
1351.0,2171.0,8280.0,30276.76,30268.77,-7.989999999997963
1358.0,2172.0,8290.0,30316.75,30308.78,-7.970000000001164
1360.0,2173.0,8300.0,30356.68,30348.97,-7.709999999999127
1364.0,2182.0,8310.0,30396.72,30389.003,-7.717000000000553
1365.0,2186.0,8320.0,30436.78,30429.203,-7.576999999997497
1366.0,2187.0,8330.0,30476.86,30469.216,-7.644000000000233
1367.0,2188.0,8340.0,30516.92,30509.518,-7.401999999998225
1369.0,2191.0,8350.0,30556.99,30549.567,-7.423000000002503
1370.0,2192.0,8360.0,30596.93,30589.836,-7.09400000000096
1373.0,2194.0,8370.0,30637.0,30629.826,-7.173999999999069
1374.0,2195.0,8380.0,30677.04,30670.069,-6.971000000001368
1375.0,2196.0,8390.0,30717.13,30710.131,-6.998999999999796
1376.0,2198.0,8400.0,30757.13,30750.285,-6.845000000001164
1377.0,2199.0,8410.0,30786.03,30790.335,4.305000000000291
1378.0,2200.0,8420.0,30821.53,30830.574,9.044000000001688
1379.0,2201.0,8430.0,30858.27,30859.37,1.0999999999985448
1380.0,2202.0,8440.0,30898.42,30895.007,-3.4129999999968277
1382.0,2203.0,8450.0,30908.8,30931.631,22.83100000000195
1383.0,2204.0,8460.0,30930.8,30971.788,40.98800000000119
1386.0,2206.0,8470.0,30970.98,30982.776,11.796000000002095
1388.0,2207.0,8480.0,30981.41,31004.288,22.87800000000061
1389.0,2209.0,8490.0,31015.52,31044.495,28.974999999998545
1390.0,2211.0,8500.0,31055.59,31055.404,-0.1860000000015134
1392.0,2214.0,8510.0,31095.71,31089.108,-6.601999999998952
1393.0,2215.0,8520.0,31135.83,31129.291,-6.539000000000669
1398.0,2216.0,8530.0,31176.03,31169.347,-6.682999999997264
1399.0,2217.0,8540.0,31216.18,31209.551,-6.629000000000815
1400.0,2228.0,8550.0,31256.11,31249.652,-6.458000000002357
1401.0,2229.0,8560.0,31296.16,31289.872,-6.288000000000466
1402.0,2230.0,8570.0,31336.28,31329.747,-6.532999999999447
1403.0,2232.0,8580.0,31371.76,31369.964,-1.7959999999984575
1404.0,2233.0,8590.0,31411.76,31410.01,-1.75
1407.0,2234.0,8600.0,31451.83,31445.584,-6.246000000002823
1408.0,2235.0,8610.0,31491.95,31485.587,-6.363000000001193
1409.0,2236.0,8620.0,31532.04,31525.751,-6.289000000000669
1410.0,2238.0,8630.0,31541.83,31565.758,23.927999999999884
1416.0,2241.0,8650.0,31557.24,31605.889,48.64899999999761
1420.0,2242.0,8660.0,31597.28,31615.623,18.343000000000757
1432.0,2244.0,8670.0,31613.37,31625.236,11.866000000001804
1434.0,2250.0,8680.0,31622.71,31631.427,8.717000000000553
1442.0,2255.0,8690.0,31633.87,31671.604,37.73400000000038
1445.0,2262.0,8700.0,31655.05,31687.585,32.534999999999854
1448.0,2264.0,8710.0,31695.07,31697.313,2.242999999998574
1449.0,2273.0,8720.0,31705.7,31708.291,2.5910000000003492
1450.0,2275.0,8730.0,31730.57,31729.511,-1.059000000001106
1451.0,2276.0,8740.0,31741.13,31769.583,28.4529999999977
1452.0,2277.0,8750.0,31781.14,31780.121,-1.0190000000002328
1453.0,2279.0,8760.0,31789.8,31805.174,15.373999999999796
1454.0,2281.0,8770.0,31829.88,31815.758,-14.121999999999389
1455.0,2283.0,8780.0,31868.13,31864.373,-3.757000000001426
1456.0,2284.0,8790.0,31882.23,31904.626,22.39600000000064
1457.0,2285.0,8800.0,31922.4,31942.972,20.572000000000116
1458.0,2286.0,8810.0,31934.11,31957.11,23.0
1459.0,2289.0,8820.0,31974.18,31997.411,23.230999999999767
1460.0,2290.0,8830.0,31991.04,32009.163,18.122999999999593
1461.0,2291.0,8840.0,32031.09,32049.268,18.177999999999884
1462.0,2292.0,8850.0,32071.17,32066.115,-5.054999999996653
1463.0,2295.0,8860.0,32083.36,32106.325,22.965000000000146
1464.0,2296.0,8870.0,32123.41,32146.519,23.10900000000038
1465.0,2297.0,8880.0,32129.69,32158.773,29.083000000002357
1466.0,2300.0,8890.0,32169.75,32198.845,29.095000000001164
1467.0,2301.0,8900.0,32209.69,32205.085,-4.604999999999563
1468.0,2302.0,8910.0,32229.07,32245.164,16.09400000000096
1471.0,2303.0,8920.0,32268.96,32285.387,16.42699999999968
1472.0,2305.0,8930.0,32308.95,32304.836,-4.114000000001397
1473.0,2308.0,8940.0,32323.65,32344.787,21.136999999998807
1474.0,2309.0,8950.0,32355.79,32384.888,29.097999999998137
1476.0,2311.0,8960.0,32366.54,32399.498,32.95799999999872
1478.0,2313.0,8970.0,32400.8,32431.621,30.820999999999913
1480.0,2315.0,8980.0,32410.9,32443.189,32.28899999999703
1483.0,2316.0,9000.0,32461.84,32477.119,15.278999999998632
1485.0,2319.0,9010.0,32471.41,32487.907,16.49699999999939
1486.0,2320.0,9020.0,32494.74,32498.386,3.6459999999970023
1487.0,2321.0,9030.0,32534.72,32538.451,3.730999999999767
1490.0,2324.0,9040.0,32564.18,32571.854,7.673999999999069
1493.0,2325.0,9050.0,32604.02,32611.89,7.869999999998981
1494.0,2328.0,9060.0,32644.07,32641.44,-2.6300000000010186
1497.0,2331.0,9070.0,32684.08,32681.391,-2.6890000000021246
1498.0,2333.0,9080.0,32692.2,32721.493,29.292999999997846
1505.0,2336.0,9100.0,32740.03,32761.453,21.423000000002503
1506.0,2339.0,9110.0,32780.19,32778.878,-1.312000000005355
1507.0,2344.0,9120.0,32820.11,32817.808,-2.302000000003318
1508.0,2346.0,9130.0,32852.12,32858.14,6.019999999996799
1509.0,2347.0,9140.0,32882.53,32898.071,15.541000000004715
1510.0,2348.0,9150.0,32922.36,32930.302,7.942000000002736
1515.0,2354.0,9160.0,32962.17,32960.751,-1.419000000001688
1531.0,2356.0,9170.0,33002.05,33000.797,-1.2530000000042492
1532.0,2367.0,9180.0,33042.07,33040.823,-1.2470000000030268
1535.0,2374.0,9190.0,33082.04,33080.971,-1.0690000000031432
1537.0,2378.0,9200.0,33122.06,33121.119,-0.940999999998894
1539.0,2381.0,9210.0,33162.11,33161.253,-0.8570000000036089
1541.0,2383.0,9220.0,33202.15,33201.247,-0.9029999999984284
1546.0,2388.0,9230.0,33242.18,33241.496,-0.684000000001106
1548.0,2390.0,9240.0,33282.17,33281.601,-0.5689999999958673
1549.0,2396.0,9250.0,33322.18,33321.775,-0.40499999999883585
1559.0,2397.0,9260.0,33362.23,33361.893,-0.3370000000068103
1565.0,2398.0,9270.0,33401.66,33402.024,0.363999999994121
1577.0,2407.0,9280.0,33441.67,33442.024,0.3539999999993597
1636.0,2412.0,9290.0,33481.73,33481.617,-0.11300000000483124
1640.0,2418.0,9300.0,33521.75,33521.657,-0.0930000000007567
1656.0,2440.0,9310.0,33561.84,33561.916,0.07600000000093132
1660.0,2442.0,9320.0,33601.93,33601.926,-0.004000000000814907
1661.0,2446.0,9330.0,33641.83,33642.159,0.3289999999979045
1662.0,2450.0,9340.0,33681.8,33682.27,0.4699999999938882
1663.0,2451.0,9350.0,33721.75,33722.411,0.6610000000000582
1664.0,2452.0,9360.0,33761.78,33762.352,0.5720000000001164
1681.0,2454.0,9370.0,33801.85,33802.53,0.680000000000291
1692.0,2457.0,9380.0,33826.65,33842.536,15.885999999998603
1693.0,2471.0,9390.0,33866.72,33882.89,16.169999999998254
1701.0,2480.0,9400.0,33906.84,33907.72,0.8800000000046566
1705.0,2481.0,9410.0,33946.93,33947.933,1.0029999999969732
1707.0,2485.0,9420.0,33987.05,33988.009,0.9589999999952852
1726.0,2489.0,9430.0,34027.19,34028.199,1.0089999999981956
1731.0,2492.0,9440.0,34067.3,34068.268,0.9679999999934807
1746.0,2500.0,9450.0,34107.43,34108.556,1.1259999999965657
1751.0,2508.0,9460.0,34147.51,34148.638,1.1279999999969732
1756.0,2520.0,9470.0,34187.65,34188.855,1.2050000000017462
1763.0,2530.0,9480.0,34227.74,34228.947,1.2070000000021537
1764.0,2534.0,9490.0,34267.84,34269.131,1.2910000000047148
1765.0,2541.0,9500.0,34307.96,34309.121,1.1610000000000582
1766.0,2542.0,9510.0,34348.08,34349.357,1.2770000000018626
1767.0,2543.0,9520.0,34380.39,34389.406,9.01600000000326
1768.0,2544.0,9530.0,34420.43,34429.646,9.21600000000035
1769.0,2546.0,9540.0,34460.57,34461.969,1.3989999999976135
1770.0,2548.0,9550.0,34500.61,34502.152,1.5420000000012806
1771.0,2550.0,9560.0,34530.51,34542.251,11.740999999994528
1772.0,2552.0,9570.0,34570.59,34582.47,11.880000000004657
1773.0,2553.0,9580.0,34610.66,34612.3,1.639999999999418
1774.0,2554.0,9590.0,34650.35,34652.539,2.1889999999984866
1776.0,2555.0,9600.0,34690.59,34692.579,1.989000000001397
1777.0,2556.0,9610.0,34730.66,34732.418,1.7579999999943539
1778.0,2560.0,9620.0,34770.73,34772.654,1.9239999999990687
1779.0,2562.0,9630.0,34810.79,34812.884,2.0939999999973224
1780.0,2564.0,9640.0,34850.86,34852.989,2.129000000000815
1781.0,2565.0,9650.0,34890.95,34893.202,2.2520000000004075
1784.0,2566.0,9660.0,34930.98,34933.264,2.2839999999996508
1786.0,2576.0,9670.0,34971.09,34973.474,2.3840000000054715
1788.0,2578.0,9680.0,35011.22,35013.579,2.3589999999967404
1789.0,2582.0,9690.0,35051.44,35053.809,2.3689999999987776
1791.0,2584.0,9700.0,35078.89,35093.917,15.027000000001863
1792.0,2585.0,9710.0,35118.91,35134.377,15.466999999996915
1793.0,2586.0,9720.0,35158.92,35161.854,2.934000000001106
1794.0,2587.0,9730.0,35198.99,35202.011,3.0210000000006403
1795.0,2589.0,9740.0,35239.07,35242.162,3.091999999996915
1796.0,2591.0,9750.0,35279.3,35282.293,2.992999999994936
1797.0,2592.0,9760.0,35319.37,35322.297,2.926999999996042
1798.0,2593.0,9770.0,35359.46,35362.73,3.2700000000040745
1799.0,2594.0,9780.0,35399.57,35402.838,3.268000000003667
1800.0,2596.0,9790.0,35439.64,35443.035,3.3950000000040745
1801.0,2597.0,9800.0,35443.69,35483.071,39.38100000000122
1802.0,2599.0,9810.0,35483.61,35523.31,39.69999999999709
1803.0,2600.0,9820.0,35487.68,35527.188,39.50800000000163
1804.0,2602.0,9830.0,35527.67,35567.451,39.78100000000268
1805.0,2603.0,9840.0,35554.93,35571.473,16.542999999997846
1806.0,2604.0,9850.0,35595.0,35611.427,16.427000000003318
1807.0,2605.0,9860.0,35634.99,35638.783,3.7930000000051223
1809.0,2606.0,9870.0,35675.02,35678.809,3.7890000000043074
1810.0,2608.0,9880.0,35715.04,35718.976,3.9360000000015134
1811.0,2609.0,9890.0,35755.13,35758.957,3.827000000004773
1814.0,2610.0,9900.0,35795.19,35799.193,4.002999999996973
1815.0,2612.0,9910.0,35835.21,35839.252,4.042000000001281
1818.0,2614.0,9920.0,35875.25,35879.475,4.224999999998545
1826.0,2615.0,9930.0,35915.28,35919.501,4.22099999999773
1827.0,2617.0,9940.0,35955.32,35959.738,4.417999999997846
1832.0,2622.0,9950.0,35995.37,35999.76,4.389999999999418
1833.0,2623.0,9960.0,36035.4,36040.0,4.599999999998545
1834.0,2628.0,9970.0,36075.4,36080.01,4.610000000000582
1835.0,2629.0,9980.0,36115.4,36120.256,4.855999999999767
1836.0,2630.0,9990.0,36155.42,36160.289,4.868999999998778
1837.0,2631.0,10000.0,36195.43,36200.505,5.07499999999709
1838.0,2634.0,10010.0,36235.3,36240.489,5.188999999998487
1839.0,2635.0,10020.0,36275.38,36280.745,5.365000000005239
1840.0,2636.0,10030.0,36315.25,36320.653,5.402999999998428
1841.0,2637.0,10040.0,36355.29,36360.814,5.5239999999976135
1842.0,2638.0,10050.0,36395.33,36400.709,5.379000000000815
1843.0,2640.0,10060.0,36435.4,36440.879,5.47899999999936
1844.0,2641.0,10070.0,36475.42,36480.932,5.512000000002445
1846.0,2643.0,10080.0,36515.6,36521.175,5.575000000004366
1847.0,2644.0,10090.0,36555.63,36561.198,5.5679999999993015
1848.0,2647.0,10100.0,36595.7,36601.631,5.931000000004133
1849.0,2648.0,10110.0,36635.75,36641.634,5.883999999998196
1850.0,2649.0,10120.0,36675.78,36681.847,6.067000000002736
1851.0,2650.0,10130.0,36715.72,36721.86,6.139999999999418
1852.0,2651.0,10140.0,36755.77,36762.077,6.3070000000006985
1853.0,2653.0,10150.0,36795.82,36802.047,6.226999999998952
1854.0,2654.0,10160.0,36835.78,36842.247,6.467000000004191
1855.0,2657.0,10170.0,36875.25,36882.306,7.055999999996857
1856.0,2658.0,10180.0,36915.31,36922.411,7.1010000000023865
1857.0,2659.0,10190.0,36938.46,36961.847,23.387000000002445
1858.0,2660.0,10200.0,36978.65,37002.08,23.43000000000029
1860.0,2661.0,10210.0,36987.19,37025.157,37.966999999996915
1863.0,2662.0,10230.0,37031.8,37065.417,33.61699999999837
1864.0,2664.0,10240.0,37071.86,37074.426,2.565999999998894
1865.0,2668.0,10250.0,37111.88,37118.547,6.667000000001281
1866.0,2669.0,10260.0,37151.6,37158.819,7.219000000004598
1867.0,2674.0,10270.0,37158.67,37198.822,40.15200000000186
1871.0,2675.0,10300.0,37212.34,37238.701,26.361000000004424
1872.0,2678.0,10310.0,37252.48,37254.075,1.5949999999938882
1873.0,2681.0,10320.0,37292.62,37299.491,6.870999999999185
1874.0,2682.0,10330.0,37332.78,37339.718,6.938000000001921
1875.0,2683.0,10340.0,37372.91,37379.938,7.027999999998428
1876.0,2684.0,10350.0,37402.01,37420.246,18.235999999997148
1877.0,2685.0,10360.0,37429.69,37460.423,30.733000000000175
1878.0,2686.0,10370.0,37469.69,37489.58,19.889999999999418
1879.0,2689.0,10380.0,37503.68,37517.316,13.635999999998603
1881.0,2690.0,10390.0,37512.34,37557.546,45.20600000000559
1882.0,2693.0,10400.0,37552.97,37591.339,38.36899999999878
1883.0,2695.0,10410.0,37592.52,37600.725,8.205000000001746
1884.0,2696.0,10420.0,37629.51,37640.869,11.35899999999674
1886.0,2700.0,10430.0,37640.54,37680.482,39.942000000002736
1888.0,2701.0,10450.0,37689.58,37717.379,27.79899999999907
1889.0,2703.0,10460.0,37727.81,37729.072,1.2620000000024447
1890.0,2707.0,10470.0,37767.92,37777.802,9.882000000005064
1891.0,2708.0,10480.0,37808.01,37816.23,8.220000000001164
1892.0,2709.0,10490.0,37848.13,37856.227,8.097000000001572
1893.0,2710.0,10500.0,37888.2,37896.47,8.270000000004075
1894.0,2711.0,10510.0,37928.4,37936.473,8.072999999996682
1896.0,2713.0,10520.0,37968.41,37976.713,8.302999999999884
1897.0,2714.0,10530.0,38006.65,38016.788,10.13799999999901
1898.0,2715.0,10540.0,38046.21,38056.982,10.772000000004482
1900.0,2719.0,10550.0,38086.25,38095.312,9.06199999999808
1901.0,2723.0,10560.0,38126.28,38135.043,8.76299999999901
1902.0,2724.0,10570.0,38166.35,38175.01,8.660000000003492
1903.0,2725.0,10580.0,38206.46,38215.217,8.756999999997788
1904.0,2726.0,10590.0,38246.49,38255.253,8.76299999999901
1905.0,2727.0,10600.0,38286.53,38295.509,8.97899999999936
1906.0,2729.0,10610.0,38294.94,38335.522,40.58199999999488
1907.0,2730.0,10620.0,38335.03,38375.738,40.70799999999872
1909.0,2731.0,10630.0,38375.14,38384.045,8.904999999998836
1910.0,2732.0,10640.0,38410.21,38424.272,14.06199999999808
1914.0,2737.0,10650.0,38450.29,38464.285,13.99500000000262
1915.0,2741.0,10660.0,38490.36,38499.564,9.203999999997905
1916.0,2743.0,10670.0,38530.47,38539.58,9.110000000000582
1917.0,2744.0,10680.0,38570.01,38579.816,9.805999999996857
1918.0,2745.0,10690.0,38610.06,38619.849,9.789000000004307
1920.0,2746.0,10700.0,38650.08,38659.541,9.460999999995693
1921.0,2747.0,10710.0,38690.09,38699.541,9.451000000000931
1922.0,2749.0,10720.0,38730.26,38739.721,9.460999999995693
1923.0,2750.0,10730.0,38770.29,38779.718,9.427999999999884
1924.0,2751.0,10740.0,38810.24,38820.013,9.773000000001048
1925.0,2753.0,10750.0,38850.28,38860.154,9.874000000003434
1926.0,2754.0,10760.0,38890.3,38900.246,9.945999999996275
1927.0,2756.0,10770.0,38930.33,38940.551,10.22099999999773
1928.0,2757.0,10780.0,38970.38,38980.528,10.148000000001048
1929.0,2758.0,10790.0,39010.42,39020.676,10.256000000001222
1930.0,2759.0,10800.0,39050.26,39060.741,10.480999999999767
1931.0,2764.0,10810.0,39057.63,39100.978,43.34800000000541
1932.0,2765.0,10820.0,39097.66,39141.178,43.51799999999639
1933.0,2766.0,10830.0,39137.61,39148.484,10.873999999996158
1938.0,2768.0,10840.0,39177.57,39188.773,11.203000000001339
1940.0,2769.0,10850.0,39206.2,39228.894,22.694000000003143
1941.0,2777.0,10860.0,39246.19,39269.055,22.864999999997963
1942.0,2780.0,10870.0,39286.35,39297.762,11.4120000000039
1943.0,2781.0,10880.0,39302.45,39337.818,35.36800000000221
1944.0,2784.0,10890.0,39342.55,39377.9,35.349999999998545
1946.0,2786.0,10900.0,39353.74,39394.137,40.39700000000448
1953.0,2787.0,10930.0,39396.95,39434.206,37.25600000000122
1955.0,2789.0,10940.0,39426.13,39446.309,20.179000000003725
1956.0,2792.0,10950.0,39466.11,39466.027,-0.08299999999871943
1968.0,2799.0,10960.0,39506.16,39518.1,11.939999999995052
1973.0,2800.0,10970.0,39542.28,39558.163,15.88300000000163
1975.0,2823.0,10980.0,39551.34,39598.369,47.02900000000227
1979.0,2830.0,10990.0,39592.06,39634.36,42.30000000000291
1982.0,2832.0,11000.0,39614.43,39644.154,29.72400000000198
1992.0,2838.0,11010.0,39654.64,39684.531,29.89100000000326
2002.0,2839.0,11020.0,39691.9,39706.903,15.002999999996973
2004.0,2853.0,11030.0,39701.69,39747.126,45.43599999999424
2009.0,2862.0,11050.0,39768.01,39784.37,16.360000000000582
2011.0,2864.0,11060.0,39808.08,39794.856,-13.224000000001979
2013.0,2870.0,11070.0,39825.67,39826.742,1.0720000000001164
2015.0,2871.0,11080.0,39833.98,39860.732,26.752000000000407
2017.0,2881.0,11100.0,39870.3,39900.984,30.68399999999383
2018.0,2889.0,11110.0,39894.99,39918.392,23.402000000001863
2019.0,2892.0,11120.0,39932.53,39933.488,0.9579999999987194
2020.0,2895.0,11130.0,39972.6,39963.481,-9.118999999998778
2021.0,2898.0,11140.0,40012.65,40025.817,13.16700000000128
2022.0,2899.0,11150.0,40052.7,40065.84,13.139999999999418
2023.0,2900.0,11160.0,40092.71,40106.093,13.38300000000163
2025.0,2902.0,11170.0,40132.67,40146.063,13.393000000003667
2026.0,2904.0,11180.0,40172.76,40186.224,13.463999999999942
2027.0,2906.0,11190.0,40212.83,40226.296,13.46600000000035
2028.0,2907.0,11200.0,40252.94,40266.529,13.588999999999942
2029.0,2910.0,11210.0,40293.06,40306.539,13.47899999999936
2030.0,2913.0,11220.0,40333.22,40346.755,13.534999999996217
2031.0,2914.0,11230.0,40373.34,40386.795,13.455000000001746
2032.0,2915.0,11240.0,40413.43,40427.07,13.639999999999418
2033.0,2917.0,11250.0,40453.15,40467.096,13.945999999996275
2034.0,2918.0,11260.0,40493.28,40507.306,14.025999999998021
2035.0,2922.0,11270.0,40533.31,40546.942,13.632000000005064
2036.0,2923.0,11280.0,40573.39,40587.221,13.830999999998312
2037.0,2924.0,11290.0,40613.46,40627.201,13.741000000001804
2038.0,2926.0,11300.0,40653.54,40667.434,13.894000000000233
2039.0,2928.0,11310.0,40693.57,40707.585,14.014999999999418
2043.0,2929.0,11320.0,40733.61,40747.828,14.218000000000757
2045.0,2931.0,11330.0,40741.62,40787.995,46.375
2053.0,2936.0,11360.0,40802.97,40828.163,25.1929999999993
2054.0,2938.0,11370.0,40824.91,40836.663,11.752999999996973
2055.0,2941.0,11380.0,40864.83,40857.395,-7.435000000004948
2056.0,2949.0,11390.0,40894.01,40897.566,3.555999999996857
2057.0,2956.0,11400.0,40934.06,40919.675,-14.384999999994761
2058.0,2959.0,11410.0,40974.17,40959.797,-14.372999999999593
2068.0,2962.0,11420.0,41014.25,41029.288,15.038000000000466
2069.0,2963.0,11430.0,41054.38,41069.498,15.118000000002212
2070.0,2979.0,11440.0,41094.39,41109.495,15.105000000003201
2071.0,2980.0,11450.0,41134.46,41149.718,15.25800000000163
2072.0,2990.0,11460.0,41174.52,41189.646,15.126000000003842
2074.0,2991.0,11470.0,41210.73,41229.882,19.151999999994587
2078.0,2993.0,11480.0,41250.77,41269.964,19.194000000003143
2079.0,3002.0,11490.0,41290.83,41306.299,15.468999999997322
2080.0,3017.0,11500.0,41330.92,41346.316,15.39600000000064
2081.0,3018.0,11510.0,41371.02,41386.539,15.519000000000233
2082.0,3019.0,11520.0,41411.11,41426.565,15.455000000001746
2083.0,3020.0,11530.0,41451.18,41466.768,15.5879999999961
2084.0,3021.0,11540.0,41490.6,41506.785,16.185000000004948
2129.0,3022.0,11550.0,41530.68,41547.093,16.413000000000466
2167.0,3023.0,11560.0,41570.76,41586.45,15.689999999995052
2178.0,3042.0,11570.0,41610.83,41626.686,15.855999999999767
2192.0,3096.0,11580.0,41650.82,41666.821,16.00100000000384
2278.0,3109.0,11590.0,41690.92,41707.08,16.160000000003492
2410.0,3139.0,11600.0,41730.9,41747.041,16.140999999995984
2422.0,3225.0,11610.0,41744.11,41787.349,43.2390000000014
2449.0,3291.0,11630.0,41811.06,41827.536,16.476000000002387
2455.0,3306.0,11640.0,41851.22,41840.945,-10.275000000001455
2459.0,3335.0,11650.0,41891.05,41907.972,16.92199999999866
2461.0,3367.0,11660.0,41931.07,41948.373,17.302999999999884
2466.0,3370.0,11670.0,41971.16,41988.163,17.002999999996973
2470.0,3373.0,11680.0,42011.22,42028.402,17.1820000000007
2471.0,3378.0,11690.0,42051.27,42068.406,17.13600000000588
2472.0,3383.0,11700.0,42091.21,42108.655,17.44499999999971
2473.0,3390.0,11710.0,42131.19,42148.638,17.447999999996682
2474.0,3391.0,11720.0,42171.26,42188.855,17.595000000001164
2475.0,3392.0,11730.0,42211.27,42228.848,17.57800000000134
2476.0,3394.0,11740.0,42251.5,42269.173,17.673000000002503
2477.0,3395.0,11750.0,42291.63,42309.229,17.59900000000198
2478.0,3396.0,11760.0,42331.79,42349.573,17.78299999999581
2480.0,3397.0,11770.0,42340.93,42389.659,48.72899999999936
2483.0,3399.0,11790.0,42404.84,42429.793,24.95300000000134
2484.0,3401.0,11800.0,42444.96,42439.724,-5.235999999997148
2485.0,3403.0,11810.0,42485.12,42503.363,18.242999999994936
2486.0,3404.0,11820.0,42525.19,42543.419,18.22899999999936
2487.0,3405.0,11830.0,42534.56,42583.73,49.17000000000553
2490.0,3406.0,11840.0,42574.72,42623.78,49.05999999999767
2491.0,3407.0,11850.0,42614.97,42633.225,18.25499999999738
2492.0,3410.0,11860.0,42655.0,42673.422,18.42199999999866
2493.0,3411.0,11870.0,42694.97,42713.694,18.72400000000198
2494.0,3412.0,11880.0,42735.03,42753.717,18.68699999999808
2495.0,3416.0,11890.0,42775.12,42793.868,18.747999999999593
2496.0,3422.0,11900.0,42815.11,42833.796,18.686000000001513
2497.0,3423.0,11910.0,42855.19,42874.085,18.8949999999968
2498.0,3424.0,11920.0,42895.13,42914.111,18.980999999999767
2499.0,3425.0,11930.0,42935.16,42954.498,19.3379999999961
2501.0,3426.0,11940.0,42975.2,42994.501,19.300999999999476
2502.0,3427.0,11950.0,43002.72,43034.803,32.08299999999872
2504.0,3429.0,11970.0,43063.05,43074.872,11.822000000000116
2505.0,3430.0,11980.0,43103.13,43102.507,-0.6229999999995925
2506.0,3432.0,11990.0,43143.07,43162.766,19.69600000000355
2508.0,3433.0,12000.0,43172.44,43203.009,30.568999999995867
2510.0,3435.0,12020.0,43219.12,43242.881,23.760999999998603
2511.0,3438.0,12030.0,43238.9,43272.388,33.487999999997555
2513.0,3439.0,12040.0,43248.85,43279.006,30.156000000002678
2514.0,3445.0,12050.0,43284.79,43319.098,34.307999999997264
2515.0,3446.0,12060.0,43324.93,43338.848,13.917999999997846
2516.0,3448.0,12070.0,43364.96,43349.472,-15.487999999997555
2517.0,3449.0,12080.0,43404.96,43385.226,-19.73399999999674
2518.0,3455.0,12090.0,43445.07,43425.308,-19.762000000002445
2519.0,3457.0,12100.0,43485.18,43465.607,-19.572999999996682
2520.0,3458.0,12110.0,43525.21,43505.541,-19.669000000001688
2521.0,3459.0,12120.0,43565.27,43545.784,-19.485999999997148
2523.0,3460.0,12130.0,43585.88,43585.778,-0.10199999999895226
2526.0,3465.0,12140.0,43626.03,43626.073,0.04299999999784632
2527.0,3466.0,12150.0,43666.13,43666.198,0.06799999999930151
2531.0,3469.0,12160.0,43705.68,43687.014,-18.66599999999744
2542.0,3476.0,12170.0,43745.88,43727.051,-18.828999999997905
2554.0,3479.0,12180.0,43785.98,43767.293,-18.687000000005355
2555.0,3481.0,12190.0,43814.0,43806.709,-7.290999999997439
2557.0,3511.0,12200.0,43854.11,43847.083,-7.027000000001863
2558.0,3529.0,12210.0,43894.19,43887.257,-6.93300000000454
2559.0,3530.0,12220.0,43934.18,43915.486,-18.694000000003143
2560.0,3532.0,12230.0,43974.21,43955.489,-18.72099999999773
2634.0,3535.0,12240.0,44014.1,43995.837,-18.26299999999901
2678.0,3537.0,12250.0,44054.38,44035.86,-18.5199999999968
2684.0,3541.0,12260.0,44094.45,44076.188,-18.26199999999517
2685.0,3618.0,12270.0,44125.63,44116.001,-9.629000000000815
2688.0,3714.0,12280.0,44165.64,44156.375,-9.264999999999418
2696.0,3722.0,12290.0,44205.6,44196.473,-9.127000000000407
2697.0,3725.0,12300.0,44245.65,44227.779,-17.870999999999185
2698.0,3727.0,12310.0,44285.73,44267.753,-17.977000000006228
2700.0,3734.0,12320.0,44325.79,44307.923,-17.86699999999837
2701.0,3735.0,12330.0,44365.86,44347.913,-17.947000000000116
2702.0,3737.0,12340.0,44405.93,44388.107,-17.822999999996682
2703.0,3743.0,12350.0,44445.98,44428.11,-17.87000000000262
2704.0,3748.0,12360.0,44486.05,44468.301,-17.749000000003434
2705.0,3749.0,12370.0,44526.14,44508.294,-17.84599999999773
2706.0,3750.0,12380.0,44566.22,44548.468,-17.752000000000407
2707.0,3753.0,12390.0,44606.29,44588.51,-17.779999999998836
2708.0,3754.0,12400.0,44629.55,44628.711,-0.8389999999999418
2709.0,3761.0,12410.0,44669.66,44668.714,-0.9460000000035507
2716.0,3762.0,12420.0,44709.74,44708.963,-0.7769999999945867
2760.0,3767.0,12430.0,44748.75,44732.096,-16.65400000000227
2793.0,3768.0,12440.0,44788.82,44772.375,-16.44499999999971
2798.0,3777.0,12450.0,44828.89,44812.392,-16.497999999999593
2800.0,3815.0,12460.0,44868.95,44851.624,-17.325999999993655
2812.0,3860.0,12470.0,44909.02,44891.89,-17.12999999999738
2814.0,3868.0,12480.0,44948.89,44932.093,-16.79699999999866
2816.0,3877.0,12490.0,44988.84,44972.073,-16.766999999999825
2821.0,3882.0,12500.0,45028.93,45012.346,-16.58400000000256
2828.0,3888.0,12510.0,45069.09,45052.169,-16.92099999999482
2854.0,3889.0,12520.0,45109.23,45092.28,-16.950000000004366
2856.0,3895.0,12530.0,45149.27,45132.297,-16.972999999998137
2865.0,3907.0,12540.0,45182.34,45172.726,-9.613999999994121
2877.0,3945.0,12550.0,45204.55,45212.943,8.392999999996391
2891.0,3946.0,12560.0,45244.73,45253.13,8.39999999999418
2895.0,3954.0,12570.0,45251.43,45286.247,34.817000000002736
2896.0,3977.0,12580.0,45291.71,45308.468,16.75800000000163
2897.0,3993.0,12590.0,45331.8,45348.944,17.144000000000233
2902.0,3997.0,12600.0,45371.88,45355.571,-16.30899999999383
2903.0,4001.0,12610.0,45411.96,45395.935,-16.025000000001455
2904.0,4003.0,12620.0,45452.0,45436.007,-15.993000000002212
2905.0,4007.0,12630.0,45492.04,45476.224,-15.815999999998894
2906.0,4009.0,12640.0,45532.1,45516.24,-15.860000000000582
2907.0,4010.0,12650.0,45572.1,45556.457,-15.642999999996391
2908.0,4011.0,12660.0,45612.3,45596.47,-15.830000000001746
2910.0,4014.0,12670.0,45620.49,45636.736,16.245999999999185
2911.0,4015.0,12680.0,45660.91,45676.788,15.877999999996973
2912.0,4016.0,12690.0,45682.2,45717.08,34.88000000000466
2913.0,4018.0,12700.0,45722.26,45725.804,3.543999999994412
2914.0,4020.0,12710.0,45747.8,45765.86,18.05999999999767
2920.0,4021.0,12720.0,45787.83,45787.283,-0.5469999999986612
2922.0,4023.0,12730.0,45813.06,45827.356,14.296000000002095
2924.0,4029.0,12740.0,45853.08,45853.064,-0.01600000000325963
2925.0,4035.0,12750.0,45893.11,45893.071,-0.03899999999703141
2926.0,4047.0,12760.0,45911.58,45918.471,6.890999999995984
2927.0,4050.0,12770.0,45951.67,45958.442,6.772000000004482
2928.0,4052.0,12780.0,45983.47,45998.717,15.24699999999575
2930.0,4053.0,12790.0,46023.58,46017.087,-6.493000000002212
2933.0,4054.0,12800.0,46063.76,46057.365,-6.3950000000040745
2981.0,4055.0,12810.0,46103.99,46089.18,-14.809999999997672
2982.0,4058.0,12820.0,46144.13,46129.498,-14.631999999997788
2989.0,4062.0,12830.0,46184.25,46169.646,-14.60399999999936
2998.0,4109.0,12840.0,46224.4,46209.925,-14.474999999998545
3031.0,4111.0,12850.0,46264.57,46250.046,-14.523999999997613
3063.0,4117.0,12860.0,46304.71,46290.249,-14.460999999995693
3069.0,4133.0,12870.0,46344.8,46330.417,-14.38300000000163
3074.0,4171.0,12880.0,46384.73,46370.781,-13.949000000000524
3086.0,4217.0,12890.0,46424.88,46410.961,-13.918999999994412
3091.0,4221.0,12900.0,46465.03,46451.142,-13.88799999999901
3093.0,4230.0,12910.0,46505.1,46491.06,-14.040000000000873
3096.0,4248.0,12920.0,46526.65,46531.302,4.652000000001863
3097.0,4262.0,12930.0,46566.77,46571.437,4.667000000001281
3098.0,4264.0,12940.0,46596.26,46611.617,15.356999999996333
3099.0,4266.0,12950.0,46636.3,46633.091,-3.209000000002561
3100.0,4267.0,12960.0,46657.97,46673.264,15.294000000001688
3101.0,4268.0,12970.0,46697.95,46702.697,4.747000000003027
3103.0,4272.0,12980.0,46731.02,46742.904,11.884000000005472
3106.0,4274.0,12990.0,46771.17,46764.587,-6.582999999998719
3108.0,4276.0,13000.0,46781.15,46804.859,23.708999999995285
3119.0,4278.0,13010.0,46821.75,46837.864,16.114000000001397
3122.0,4287.0,13020.0,46838.0,46878.054,40.05399999999645
3125.0,4289.0,13030.0,46878.0,46888.435,10.434999999997672
3126.0,4313.0,13040.0,46918.12,46928.609,10.488999999994121
3128.0,4314.0,13050.0,46958.16,46944.97,-13.190000000002328
3129.0,4318.0,13060.0,46998.08,46985.102,-12.978000000002794
3130.0,4320.0,13070.0,47038.12,47025.351,-12.769000000000233
3131.0,4322.0,13080.0,47077.49,47065.436,-12.05399999999645
3132.0,4323.0,13090.0,47117.56,47105.604,-11.955999999998312
3133.0,4324.0,13100.0,47157.67,47145.597,-12.072999999996682
3139.0,4326.0,13110.0,47197.76,47185.164,-12.596000000005006
3149.0,4328.0,13120.0,47231.72,47225.233,-6.4870000000009895
3150.0,4330.0,13130.0,47234.98,47265.663,30.682999999997264
3154.0,4336.0,13150.0,47283.3,47305.748,22.447999999996682
3155.0,4359.0,13160.0,47311.55,47339.911,28.360999999997148
3156.0,4360.0,13170.0,47318.72,47343.022,24.301999999996042
3162.0,4362.0,13180.0,47330.44,47351.526,21.085999999995693
3171.0,4378.0,13200.0,47361.45,47391.726,30.276000000005297
3189.0,4386.0,13210.0,47401.55,47420.066,18.515999999995984
3198.0,4395.0,13220.0,47441.59,47439.012,-2.577999999994063
3201.0,4407.0,13230.0,47481.51,47469.957,-11.552999999999884
3203.0,4422.0,13240.0,47521.58,47510.279,-11.300999999999476
3204.0,4435.0,13250.0,47561.68,47550.417,-11.26299999999901
3205.0,4439.0,13260.0,47584.55,47590.535,5.985000000000582
3211.0,4442.0,13270.0,47624.63,47630.561,5.931000000004133
3212.0,4443.0,13280.0,47664.68,47670.804,6.123999999996158
3213.0,4444.0,13290.0,47704.06,47693.615,-10.444999999999709
3216.0,4447.0,13300.0,47726.21,47733.862,7.652000000001863
3220.0,4448.0,13310.0,47762.38,47773.855,11.47500000000582
3222.0,4453.0,13320.0,47770.02,47813.399,43.379000000000815
3225.0,4456.0,13340.0,47820.32,47835.558,15.237999999997555
3226.0,4460.0,13350.0,47860.35,47871.778,11.427999999999884
3228.0,4469.0,13360.0,47900.35,47889.921,-10.42899999999645
3229.0,4472.0,13370.0,47940.4,47930.079,-10.32100000000355
3230.0,4474.0,13380.0,47980.45,47970.289,-10.161000000000058
3231.0,4476.0,13390.0,48020.49,48010.279,-10.210999999995693
3232.0,4479.0,13400.0,48060.57,48050.486,-10.084000000002561
3233.0,4482.0,13410.0,48100.65,48090.492,-10.158000000003085
3234.0,4483.0,13420.0,48111.62,48130.679,19.05899999999383
3235.0,4484.0,13430.0,48127.52,48170.715,43.19499999999971
3236.0,4486.0,13440.0,48167.51,48210.896,43.3859999999986
3237.0,4487.0,13450.0,48180.54,48221.949,41.40899999999965
3238.0,4488.0,13460.0,48220.7,48237.897,17.197000000000116
3239.0,4489.0,13470.0,48260.89,48277.858,16.968000000000757
3240.0,4490.0,13480.0,48301.0,48290.971,-10.02900000000227
3241.0,4496.0,13490.0,48341.03,48331.178,-9.851999999998952
3242.0,4498.0,13500.0,48381.05,48371.375,-9.67500000000291
3243.0,4500.0,13510.0,48421.1,48411.473,-9.627000000000407
3244.0,4501.0,13520.0,48461.19,48451.765,-9.42500000000291
3245.0,4503.0,13530.0,48501.24,48491.844,-9.39600000000064
3246.0,4505.0,13540.0,48541.15,48532.09,-9.060000000004948
3247.0,4506.0,13550.0,48581.16,48572.274,-8.886000000005879
3248.0,4508.0,13560.0,48589.45,48612.569,23.119000000006054
3254.0,4512.0,13580.0,48608.15,48652.543,44.39299999999639
3257.0,4513.0,13600.0,48646.6,48692.743,46.14300000000367
3259.0,4514.0,13610.0,48657.57,48700.856,43.28600000000006
3260.0,4516.0,13620.0,48667.51,48712.569,45.059000000001106
3262.0,4523.0,13630.0,48676.48,48719.961,43.48099999999977
3263.0,4525.0,13640.0,48691.46,48731.335,39.875
3264.0,4526.0,13650.0,48731.61,48758.389,26.77900000000227
3265.0,4528.0,13660.0,48771.71,48769.875,-1.8349999999991269
3266.0,4535.0,13670.0,48811.75,48803.57,-8.180000000000291
3267.0,4538.0,13680.0,48851.68,48843.783,-7.896999999997206
3268.0,4540.0,13690.0,48871.7,48884.075,12.375
3270.0,4541.0,13700.0,48881.37,48924.137,42.766999999999825
3277.0,4545.0,13720.0,48950.49,48964.242,13.752000000000407
3278.0,4548.0,13730.0,48990.55,48994.426,3.8759999999965657
3279.0,4550.0,13740.0,49030.58,49023.504,-7.076000000000931
3280.0,4552.0,13750.0,49070.6,49063.497,-7.102999999995518
3281.0,4553.0,13760.0,49110.63,49103.701,-6.928999999996449
3282.0,4554.0,13770.0,49150.64,49143.737,-6.902999999998428
3284.0,4555.0,13780.0,49190.72,49183.924,-6.7960000000020955
3285.0,4556.0,13790.0,49208.33,49223.894,15.563999999998487
3286.0,4557.0,13800.0,49248.45,49264.111,15.661000000000058
3287.0,4559.0,13810.0,49288.55,49304.104,15.55399999999645
3288.0,4566.0,13820.0,49328.63,49321.854,-6.775999999998021
3289.0,4570.0,13830.0,49368.73,49361.995,-6.735000000000582
3290.0,4571.0,13840.0,49408.57,49402.139,-6.430999999996857
3291.0,4572.0,13850.0,49448.71,49442.119,-6.591000000000349
3292.0,4580.0,13860.0,49488.82,49482.405,-6.415000000000873
3293.0,4582.0,13870.0,49528.66,49522.169,-6.491000000001804
3294.0,4583.0,13880.0,49568.8,49562.48,-6.319999999999709
3295.0,4584.0,13890.0,49608.95,49602.493,-6.456999999994878
3296.0,4585.0,13900.0,49647.91,49642.47,-5.440000000002328
3297.0,4587.0,13910.0,49688.01,49682.582,-5.427999999999884
3298.0,4588.0,13920.0,49728.14,49722.762,-5.377999999996973
3299.0,4589.0,13930.0,49768.24,49761.591,-6.6489999999976135
3300.0,4591.0,13940.0,49808.28,49801.831,-6.449000000000524
3301.0,4594.0,13950.0,49848.31,49841.857,-6.452999999994063
3302.0,4595.0,13960.0,49888.33,49882.07,-6.260000000002037
3303.0,4597.0,13970.0,49928.34,49922.07,-6.269999999996799
3304.0,4598.0,13980.0,49968.41,49962.254,-6.1560000000026776
3305.0,4602.0,13990.0,50008.49,50002.333,-6.156999999999243
3306.0,4605.0,14000.0,50048.62,50042.546,-6.074000000000524
3307.0,4606.0,14010.0,50088.73,50082.671,-6.059000000001106
3308.0,4610.0,14020.0,50128.81,50122.808,-6.0020000000004075
3311.0,4611.0,14030.0,50168.85,50162.838,-6.011999999995169
3312.0,4612.0,14040.0,50209.02,50203.123,-5.896999999997206
3317.0,4614.0,14050.0,50249.06,50243.176,-5.883999999998196
3319.0,4617.0,14060.0,50258.72,50283.425,24.705000000001746
3359.0,4619.0,14070.0,50299.26,50323.579,24.318999999995867
3360.0,4629.0,14080.0,50316.17,50363.737,47.567000000002736
3361.0,4631.0,14090.0,50356.17,50373.99,17.81999999999971
3362.0,4681.0,14100.0,50396.23,50414.15,17.919999999998254
3364.0,4682.0,14110.0,50436.3,50431.161,-5.139000000002852
3366.0,4691.0,14120.0,50476.38,50471.247,-5.132999999994354
3367.0,4692.0,14130.0,50512.74,50511.522,-1.2180000000007567
3368.0,4694.0,14140.0,50552.77,50551.522,-1.2479999999995925
3369.0,4695.0,14150.0,50592.86,50591.759,-1.1010000000023865
3370.0,4696.0,14160.0,50632.76,50627.999,-4.760999999998603
3371.0,4697.0,14170.0,50672.84,50668.199,-4.640999999995984
3372.0,4704.0,14180.0,50712.88,50708.192,-4.687999999994645
3373.0,4705.0,14190.0,50752.92,50748.179,-4.741000000001804
3374.0,4707.0,14200.0,50793.0,50788.291,-4.709000000002561
3377.0,4708.0,14210.0,50833.08,50828.33,-4.75
3378.0,4714.0,14220.0,50873.18,50868.376,-4.804000000003725
3379.0,4719.0,14230.0,50913.22,50908.586,-4.633999999998196
3384.0,4720.0,14240.0,50953.27,50948.632,-4.6379999999990105
3385.0,4724.0,14250.0,50992.77,50988.835,-3.9349999999976717
3386.0,4725.0,14260.0,51032.76,51028.93,-3.8300000000017462
3387.0,4730.0,14270.0,51072.79,51069.022,-3.768000000003667
3388.0,4732.0,14280.0,51112.86,51108.468,-4.391999999999825
3389.0,4733.0,14290.0,51153.01,51148.645,-4.365000000005239
3390.0,4735.0,14300.0,51192.91,51188.76,-4.150000000001455
3392.0,4736.0,14310.0,51231.84,51228.963,-2.8769999999931315
3401.0,4739.0,14320.0,51272.06,51269.003,-3.0570000000006985
3403.0,4740.0,14330.0,51279.3,51309.101,29.800999999999476
3406.0,4741.0,14350.0,51305.52,51347.992,42.47200000000157
3410.0,4745.0,14380.0,51364.16,51388.333,24.172999999995227
3411.0,4748.0,14390.0,51403.48,51409.514,6.033999999999651
3412.0,4750.0,14400.0,51414.32,51422.74,8.419999999998254
3413.0,4753.0,14410.0,51446.15,51440.774,-5.376000000003842
3414.0,4765.0,14420.0,51475.73,51480.965,5.234999999993306
3415.0,4766.0,14430.0,51486.22,51520.443,34.22299999999814
3416.0,4767.0,14440.0,51526.3,51531.332,5.031999999999243
3417.0,4769.0,14450.0,51566.55,51563.104,-3.4460000000035507
3418.0,4773.0,14460.0,51606.81,51603.261,-3.5489999999990687
3420.0,4775.0,14470.0,51618.37,51643.278,24.90799999999581
3424.0,4778.0,14480.0,51658.78,51683.609,24.828999999997905
3425.0,4779.0,14490.0,51677.3,51723.999,46.699000000000524
3426.0,4781.0,14500.0,51690.38,51736.322,45.942000000002736
3429.0,4785.0,14520.0,51756.55,51776.411,19.860999999997148
3430.0,4786.0,14530.0,51776.45,51795.003,18.552999999999884
3431.0,4790.0,14540.0,51804.66,51808.117,3.4569999999948777
3432.0,4800.0,14550.0,51844.58,51834.672,-9.908000000003085
3433.0,4801.0,14560.0,51876.58,51874.629,-1.9510000000009313
3434.0,4803.0,14570.0,51916.65,51922.805,6.154999999998836
3435.0,4804.0,14580.0,51949.59,51962.736,13.14600000000064
3436.0,4808.0,14590.0,51973.11,51994.951,21.84100000000035
3438.0,4809.0,14600.0,52013.14,52035.066,21.925999999999476
3439.0,4812.0,14610.0,52053.14,52068.081,14.940999999998894
3440.0,4813.0,14620.0,52093.15,52091.591,-1.559000000001106
3441.0,4822.0,14630.0,52133.21,52131.795,-1.4150000000008731
3442.0,4824.0,14640.0,52173.21,52171.844,-1.3660000000018044
3443.0,4825.0,14650.0,52213.09,52212.073,-1.0169999999998254
3446.0,4830.0,14660.0,52253.12,52252.1,-1.0200000000040745
3447.0,4832.0,14670.0,52293.16,52292.372,-0.7880000000004657
3448.0,4833.0,14680.0,52333.22,52332.32,-0.9000000000014552
3449.0,4836.0,14690.0,52373.33,52372.487,-0.8430000000007567
3450.0,4842.0,14700.0,52413.34,52412.608,-0.7319999999963329
3451.0,4845.0,14710.0,52453.44,52452.779,-0.6610000000000582
3452.0,4848.0,14720.0,52493.41,52492.828,-0.5820000000021537
3453.0,4849.0,14730.0,52533.44,52533.018,-0.4220000000059372
3454.0,4852.0,14740.0,52573.54,52573.071,-0.46899999999732245
3455.0,4853.0,14750.0,52613.65,52613.196,-0.4539999999979045
3456.0,4855.0,14760.0,52653.72,52653.209,-0.510999999998603
3457.0,4856.0,14770.0,52693.86,52693.412,-0.4480000000039581
3458.0,4857.0,14780.0,52734.02,52733.419,-0.6009999999951106
3459.0,4862.0,14790.0,52774.13,52773.638,-0.4919999999983702
3460.0,4863.0,14800.0,52814.26,52813.724,-0.5360000000000582
3461.0,4867.0,14810.0,52854.29,52854.085,-0.20500000000174623
3462.0,4868.0,14820.0,52872.77,52894.127,21.35700000000361
3463.0,4870.0,14830.0,52912.86,52934.488,21.627999999996973
3464.0,4876.0,14840.0,52952.94,52974.56,21.619999999995343
3465.0,4877.0,14850.0,52993.05,52993.146,0.0959999999977299
3466.0,4878.0,14860.0,53033.14,53033.173,0.033000000003085006
3467.0,4879.0,14870.0,53073.16,53073.386,0.22599999999511056
3469.0,4882.0,14880.0,53113.1,53113.402,0.30200000000331784
3470.0,4883.0,14890.0,53153.04,53153.625,0.5849999999991269
3472.0,4885.0,14900.0,53193.04,53193.658,0.6180000000022119
3475.0,4890.0,14910.0,53233.15,53233.524,0.3739999999961583
3478.0,4892.0,14920.0,53273.25,53273.494,0.24399999999877764
3482.0,4901.0,14930.0,53313.21,53313.675,0.4650000000037835
3483.0,4904.0,14940.0,53353.16,53353.809,0.6489999999976135
3484.0,4909.0,14950.0,53393.05,53393.967,0.9169999999940046
3485.0,4914.0,14960.0,53433.03,53434.111,1.080999999998312
3486.0,4916.0,14970.0,53473.11,53474.393,1.282999999995809
3487.0,4919.0,14980.0,53513.23,53514.524,1.293999999994412
3488.0,4921.0,14990.0,53553.31,53554.905,1.5950000000011642
3489.0,4922.0,15000.0,53593.33,53594.97,1.639999999999418
3490.0,4923.0,15010.0,53624.64,53635.207,10.567000000002736
3491.0,4924.0,15020.0,53664.76,53675.256,10.495999999999185
3492.0,4925.0,15030.0,53704.87,53715.367,10.49699999999575
3493.0,4926.0,15040.0,53744.92,53746.601,1.6810000000041327
3494.0,4929.0,15050.0,53784.83,53786.995,2.165000000000873
3496.0,4931.0,15060.0,53824.87,53827.159,2.2889999999970314
3497.0,4933.0,15070.0,53857.3,53867.448,10.147999999993772
3498.0,4935.0,15080.0,53897.3,53907.52,10.219999999993888
3499.0,4936.0,15090.0,53937.23,53947.628,10.397999999993772
3500.0,4938.0,15100.0,53977.19,53980.079,2.888999999995576
3501.0,4940.0,15110.0,54017.23,54020.312,3.0819999999948777
3502.0,4941.0,15120.0,54057.24,54060.463,3.2230000000054133
3503.0,4943.0,15130.0,54097.31,54100.689,3.379000000000815
3504.0,4944.0,15140.0,54128.69,54140.853,12.163000000000466
3505.0,4945.0,15150.0,54169.01,54180.932,11.921999999998661
3507.0,4947.0,15160.0,54182.66,54221.145,38.484999999993306
3508.0,4949.0,15170.0,54223.22,54252.398,29.177999999999884
3515.0,4951.0,15180.0,54263.5,54292.717,29.216999999996915
3516.0,4953.0,15190.0,54271.75,54307.146,35.39600000000064
3517.0,4958.0,15200.0,54311.78,54347.395,35.61499999999796
3518.0,4966.0,15210.0,54351.73,54387.72,35.98999999999796
3523.0,4967.0,15220.0,54391.73,54395.902,4.171999999998661
3524.0,4972.0,15230.0,54431.77,54436.191,4.4210000000020955
3526.0,4974.0,15240.0,54471.81,54476.339,4.52900000000227
3531.0,4979.0,15250.0,54506.26,54516.65,10.389999999999418
3532.0,4981.0,15260.0,54546.23,54556.686,10.455999999998312
3533.0,4986.0,15270.0,54586.36,54596.932,10.572000000000116
3535.0,4990.0,15280.0,54626.62,54631.325,4.70499999999447
3538.0,4992.0,15290.0,54658.12,54671.512,13.391999999999825
3539.0,4996.0,15300.0,54698.17,54711.621,13.451000000000931
3540.0,4999.0,15310.0,54738.18,54751.949,13.769000000000233
3541.0,5002.0,15320.0,54778.15,54783.422,5.271999999997206
3542.0,5004.0,15330.0,54818.17,54823.681,5.510999999998603
3543.0,5005.0,15340.0,54858.16,54863.678,5.517999999996391
3544.0,5006.0,15350.0,54898.13,54903.878,5.7479999999995925
3545.0,5010.0,15360.0,54938.17,54943.95,5.779999999998836
3546.0,5011.0,15370.0,54978.24,54984.134,5.894000000000233
3547.0,5014.0,15380.0,55018.26,55024.173,5.913000000000466
3548.0,5015.0,15390.0,55058.33,55064.409,6.0789999999979045
3549.0,5016.0,15400.0,55098.37,55104.491,6.120999999999185
3550.0,5018.0,15410.0,55138.46,55144.587,6.1270000000004075
3551.0,5019.0,15420.0,55178.55,55184.583,6.032999999995809
3552.0,5020.0,15430.0,55218.69,55224.829,6.138999999995576
3553.0,5021.0,15440.0,55258.75,55264.944,6.194000000003143
3554.0,5022.0,15450.0,55298.87,55305.108,6.237999999997555
3555.0,5023.0,15460.0,55338.95,55345.21,6.260000000002037
3556.0,5024.0,15470.0,55379.05,55385.381,6.330999999998312
3557.0,5026.0,15480.0,55418.96,55425.42,6.459999999999127
3559.0,5027.0,15490.0,55459.07,55465.597,6.527000000001863
3560.0,5030.0,15500.0,55499.09,55505.636,6.5460000000020955
3561.0,5032.0,15510.0,55539.13,55545.715,6.584999999999127
3562.0,5034.0,15520.0,55579.22,55585.774,6.553999999996449
3563.0,5037.0,15530.0,55619.31,55625.955,6.6450000000040745
3565.0,5039.0,15540.0,55659.37,55665.971,6.600999999995111
3567.0,5043.0,15550.0,55699.46,55706.188,6.728000000002794
3568.0,5044.0,15560.0,55732.54,55746.266,13.726000000002387
3570.0,5045.0,15570.0,55772.66,55786.444,13.78399999999965
3571.0,5046.0,15580.0,55812.69,55826.457,13.766999999999825
3572.0,5048.0,15590.0,55852.76,55859.685,6.924999999995634
3573.0,5051.0,15600.0,55892.78,55899.685,6.904999999998836
3574.0,5052.0,15610.0,55928.92,55939.908,10.988000000004831
3575.0,5053.0,15620.0,55969.11,55979.928,10.817999999999302
3576.0,5055.0,15630.0,56009.28,56020.092,10.81199999999808
3577.0,5057.0,15640.0,56037.52,56056.168,18.648000000001048
3578.0,5058.0,15650.0,56077.59,56096.539,18.949000000000524
3579.0,5066.0,15660.0,56108.1,56136.601,28.50100000000384
3580.0,5068.0,15670.0,56148.14,56165.098,16.95799999999872
3581.0,5069.0,15680.0,56174.46,56205.184,30.72400000000198
3582.0,5070.0,15690.0,56214.55,56235.81,21.25999999999476
3583.0,5071.0,15700.0,56236.1,56275.856,39.75600000000122
3584.0,5082.0,15710.0,56276.0,56302.293,26.292999999997846
3585.0,5083.0,15720.0,56299.49,56342.402,42.9120000000039
3586.0,5085.0,15730.0,56339.53,56364.111,24.580999999998312
3587.0,5087.0,15740.0,56359.77,56404.219,44.449000000000524
3588.0,5088.0,15750.0,56398.71,56427.904,29.194000000003143
3589.0,5090.0,15760.0,56419.81,56467.923,48.11300000000483
3590.0,5091.0,15770.0,56459.87,56488.271,28.40099999999802
3593.0,5092.0,15780.0,56479.32,56527.188,47.86800000000221
3596.0,5094.0,15790.0,56519.4,56548.337,28.93699999999808
3597.0,5097.0,15800.0,56539.39,56588.524,49.133999999998196
3598.0,5099.0,15810.0,56579.43,56608.15,28.720000000001164
3599.0,5102.0,15820.0,56604.87,56648.317,43.447000000000116
3600.0,5103.0,15830.0,56635.21,56668.455,33.24500000000262
3601.0,5104.0,15840.0,56664.53,56708.432,43.90200000000186
3602.0,5106.0,15850.0,56704.56,56734.029,29.4690000000046
3613.0,5108.0,15860.0,56736.3,56764.318,28.01799999999639
3615.0,5110.0,15870.0,56751.52,56793.707,42.187000000005355
3616.0,5112.0,15880.0,56792.12,56833.556,41.43599999999424
3620.0,5122.0,15900.0,56849.78,56865.272,15.49199999999837
3628.0,5124.0,15910.0,56889.91,56880.758,-9.152000000001863
3638.0,5131.0,15920.0,56929.97,56938.504,8.53399999999965
3639.0,5126.0,15930.0,56947.14,56920.971,-26.169000000001688
3640.0,5134.0,15940.0,56965.61,56978.638,13.027999999998428
3642.0,5156.0,15950.0,56971.73,57019.022,47.291999999994005
3645.0,5194.0,15960.0,57011.76,57058.986,47.22599999999511
3646.0,5196.0,15970.0,57027.92,57076.266,48.346000000005006
3649.0,5197.0,15990.0,57075.61,57094.76,19.150000000001455
3650.0,5199.0,16000.0,57110.89,57100.869,-10.02100000000064
3652.0,5201.0,16010.0,57121.12,57140.866,19.745999999999185
3653.0,5202.0,16020.0,57138.04,57157.172,19.131999999997788
3654.0,5204.0,16030.0,57178.03,57164.774,-13.256000000001222
3656.0,5205.0,16040.0,57199.96,57204.77,4.809999999997672
3658.0,5206.0,16050.0,57216.7,57240.203,23.50300000000425
3661.0,5208.0,16060.0,57231.15,57250.614,19.463999999999942
3662.0,5209.0,16070.0,57271.34,57267.254,-4.085999999995693
3663.0,5210.0,16080.0,57277.14,57307.441,30.300999999999476
3665.0,5212.0,16090.0,57282.14,57329.662,47.521999999997206
