run1_idx,run2_idx,confidence,event_type,run1_distance,run2_distance,run1_clock,run2_clock,depth_run1,depth_run2,depth_change,depth_growth_rate,length_run1,length_run2,length_change,length_growth_rate,width_run1,width_run2,width_change,width_growth_rate,is_critical
300,789,0.7041740477394539,METAL_LOSS,9452.84,9476.296,1.6333333333333333,1.45,13.0,20.0,7.0,1.0,1.1,9.4,8.3,1.1857142857142857,1.58,4.5,2.92,0.41714285714285715,False
301,790,0.7059507412839497,METAL_LOSS,9453.04,9476.594,2.966666666666667,2.3333333333333335,13.0,16.0,3.0,0.42857142857142855,1.34,5.2,3.8600000000000003,0.5514285714285715,1.73,1.1,-0.6299999999999999,-0.08999999999999998,False
299,791,0.6430266196509672,METAL_LOSS,9452.13,9477.362,9.433333333333334,2.3666666666666667,16.0,18.0,2.0,0.2857142857142857,2.09,1.5,-0.5899999999999999,-0.08428571428571427,1.89,1.3,-0.5899999999999999,-0.08428571428571427,False
302,796,0.5579261367873986,METAL_LOSS,9458.19,9478.54,8.116666666666667,7.633333333333333,17.0,19.0,2.0,0.2857142857142857,1.22,6.1,4.88,0.6971428571428572,1.81,3.1,1.29,0.1842857142857143,False
304,798,0.5961671583698815,METAL_LOSS,9459.51,9479.573,7.9,7.766666666666667,23.0,21.0,-2.0,-0.2857142857142857,0.94,5.7,4.76,0.6799999999999999,1.69,3.0,1.31,0.18714285714285714,False
303,799,0.5807823094580076,METAL_LOSS,9458.78,9480.256,8.083333333333334,7.633333333333333,30.0,26.0,-4.0,-0.5714285714285714,0.63,4.9,4.2700000000000005,0.6100000000000001,1.34,4.1,2.76,0.39428571428571424,False
306,803,0.5012875483071297,METAL_LOSS,9460.01,9481.788,6.033333333333333,7.5,39.0,18.0,-21.0,-3.0,1.42,1.7,0.28,0.04,1.81,1.3,-0.51,-0.07285714285714286,False
305,806,0.5415522600392182,METAL_LOSS,9459.88,9483.842,5.233333333333333,7.783333333333333,35.0,29.0,-6.0,-0.8571428571428571,0.94,2.8,1.8599999999999999,0.2657142857142857,1.42,2.0,0.5800000000000001,0.08285714285714287,False
332,847,0.9076612939083866,CLUSTER,10119.99,10147.329,6.35,6.216666666666667,20.0,22.0,2.0,0.2857142857142857,0.96,3.5,2.54,0.3628571428571429,4.86,5.0,0.13999999999999968,0.019999999999999955,False
345,881,0.8531433675286959,METAL_LOSS,10515.15,10543.307,4.466666666666667,4.383333333333334,10.0,18.0,8.0,1.1428571428571428,0.94,6.4,5.460000000000001,0.7800000000000001,2.36,3.8,1.44,0.2057142857142857,False
367,892,0.8417420683053376,METAL_LOSS,10595.34,10622.356,6.533333333333333,6.366666666666666,13.0,24.0,11.0,1.5714285714285714,0.47,1.5,1.03,0.14714285714285716,1.02,1.1,0.08000000000000007,0.011428571428571439,False
368,893,0.8110397966845934,METAL_LOSS,10595.48,10623.796,6.416666666666667,6.65,35.0,23.0,-12.0,-1.7142857142857142,1.02,5.0,3.98,0.5685714285714286,2.6,4.4,1.8000000000000003,0.2571428571428572,False
369,894,0.852597434352965,METAL_LOSS,10595.49,10623.963,3.783333333333333,3.9833333333333334,50.0,27.0,-23.0,-3.2857142857142856,0.67,2.2,1.5300000000000002,0.2185714285714286,2.17,2.9,0.73,0.10428571428571429,False
379,905,0.9498712536364244,CLUSTER,10755.92,10784.616,5.216666666666667,5.233333333333333,20.0,25.0,5.0,0.7142857142857143,1.8,1.7,-0.10000000000000009,-0.0142857142857143,2.89,1.7,-1.1900000000000002,-0.17,False
380,906,0.8719951288816155,METAL_LOSS,10756.35,10784.829,3.966666666666667,3.85,10.0,15.0,5.0,0.7142857142857143,0.75,4.1,3.3499999999999996,0.47857142857142854,1.46,2.3,0.8399999999999999,0.11999999999999998,False
426,999,0.5365946078676218,METAL_LOSS_MFG,12427.16,12455.308,7.9,7.166666666666667,16.0,17.0,1.0,0.14285714285714285,2.17,17.2,15.03,2.1471428571428572,1.73,6.7,4.970000000000001,0.7100000000000001,False
449,1054,0.7249548768916068,METAL_LOSS,13155.93,13189.665,7.116666666666666,6.4,24.0,22.0,-2.0,-0.2857142857142857,1.61,12.8,11.190000000000001,1.5985714285714288,3.7,19.6,15.900000000000002,2.271428571428572,False
450,1055,0.8674037468022673,METAL_LOSS,13156.18,13190.236,3.4833333333333334,3.55,23.0,21.0,-2.0,-0.2857142857142857,0.67,5.3,4.63,0.6614285714285714,1.3,3.0,1.7,0.24285714285714285,False
467,1076,0.8369610728696838,METAL_LOSS,13645.56,13681.542,3.6666666666666665,3.6666666666666665,11.0,18.0,7.0,1.0,0.71,4.1,3.3899999999999997,0.48428571428571426,1.46,7.5,6.04,0.8628571428571429,False
468,1077,0.6957485033097757,METAL_LOSS,13645.75,13681.667,5.316666666666666,6.883333333333333,16.0,17.0,1.0,0.14285714285714285,0.55,1.4,0.8499999999999999,0.12142857142857141,1.02,2.7,1.6800000000000002,0.24000000000000002,False
475,1088,0.8244125404879782,METAL_LOSS,13852.54,13889.177,1.6,12.883333333333333,10.0,26.0,16.0,2.2857142857142856,0.39,0.4,0.010000000000000009,0.0014285714285714299,0.59,0.2,-0.38999999999999996,-0.05571428571428571,True
477,1089,0.7637840955571198,METAL_LOSS,13853.93,13889.741,10.6,9.516666666666667,14.0,17.0,3.0,0.42857142857142855,0.47,1.3,0.8300000000000001,0.11857142857142858,0.94,0.5,-0.43999999999999995,-0.06285714285714285,False
476,1090,0.8180045490222095,METAL_LOSS,13853.79,13890.43,1.4666666666666668,12.833333333333334,14.0,35.0,21.0,3.0,1.26,1.3,0.040000000000000036,0.0057142857142857195,0.79,1.4,0.6099999999999999,0.08714285714285712,True
482,1097,0.8560275141214964,METAL_LOSS,14002.02,14038.661,6.75,6.066666666666666,12.0,16.0,4.0,0.5714285714285714,0.51,1.7,1.19,0.16999999999999998,1.26,1.3,0.040000000000000036,0.0057142857142857195,False
504,1141,0.8398397192526499,DENT,14630.88,14670.374,6.45,5.75,,,,,27.54,27.54,0.0,0.0,8.38,8.38,0.0,0.0,False
510,1161,0.8417145926099427,METAL_LOSS,14751.84,14790.627,9.666666666666666,9.433333333333334,29.0,44.0,15.0,2.142857142857143,0.83,5.0,4.17,0.5957142857142858,1.38,1.5,0.1200000000000001,0.017142857142857158,True
509,1162,0.8343935927624936,METAL_LOSS,14751.62,14791.473,9.683333333333334,9.5,29.0,23.0,-6.0,-0.8571428571428571,0.71,3.4,2.69,0.3842857142857143,1.18,1.6,0.42000000000000015,0.06000000000000002,False
513,1163,0.7389868369658991,METAL_LOSS,14753.65,14792.293,2.6,2.05,22.0,32.0,10.0,1.4285714285714286,0.98,18.8,17.82,2.545714285714286,1.38,8.5,7.12,1.0171428571428571,False
515,1164,0.8138612329394221,METAL_LOSS,14754.98,14793.514,9.8,9.7,12.0,18.0,6.0,0.8571428571428571,2.21,73.1,70.89,10.127142857142857,1.18,8.8,7.620000000000001,1.0885714285714287,False
514,1165,0.8217933011185806,METAL_LOSS,14753.91,14794.098,2.3166666666666664,2.1166666666666667,12.0,14.0,2.0,0.2857142857142857,0.47,3.5,3.0300000000000002,0.4328571428571429,0.94,1.4,0.45999999999999996,0.06571428571428571,False
512,1166,0.7787070727361711,CLUSTER,14753.35,14795.144,2.6166666666666667,2.183333333333333,16.0,18.0,2.0,0.2857142857142857,1.64,1.8,0.16000000000000014,0.022857142857142878,1.17,1.1,-0.06999999999999984,-0.009999999999999978,False
511,1167,0.6902717105434915,METAL_LOSS,14753.1,14795.499,2.5833333333333335,2.183333333333333,19.0,14.0,-5.0,-0.7142857142857143,0.67,2.5,1.83,0.26142857142857145,1.1,1.9,0.7999999999999998,0.11428571428571425,False
516,1168,0.672781350787295,METAL_LOSS,14757.57,14796.775,9.483333333333333,8.166666666666666,11.0,17.0,6.0,0.8571428571428571,0.94,19.4,18.459999999999997,2.6371428571428566,2.01,3.3,1.29,0.1842857142857143,False
523,1188,0.5831528211895339,METAL_LOSS,14909.43,14947.283,2.3666666666666667,11.116666666666667,11.0,15.0,4.0,0.5714285714285714,0.67,1.4,0.7299999999999999,0.10428571428571427,1.18,1.9,0.72,0.10285714285714286,False
525,1208,0.5284793359676001,METAL_LOSS,14932.19,14968.914,1.3,11.583333333333334,27.0,15.0,-12.0,-1.7142857142857142,0.55,0.6,0.04999999999999993,0.007142857142857133,1.3,1.0,-0.30000000000000004,-0.042857142857142864,False
526,1209,0.7105714978006531,METAL_LOSS,14934.69,14972.513,12.783333333333333,12.733333333333333,14.0,20.0,6.0,0.8571428571428571,1.89,6.0,4.11,0.5871428571428572,2.17,5.4,3.2300000000000004,0.46142857142857147,False
527,1215,0.7637030368547796,METAL_LOSS,14945.13,14986.696,1.0666666666666667,12.666666666666666,36.0,26.0,-10.0,-1.4285714285714286,0.59,9.5,8.91,1.272857142857143,1.26,5.4,4.140000000000001,0.5914285714285715,False
532,1218,0.7488951099261112,METAL_LOSS,14960.83,15002.497,5.35,5.833333333333333,10.0,16.0,6.0,0.8571428571428571,1.3,5.7,4.4,0.6285714285714287,3.42,5.3,1.88,0.26857142857142857,False
535,1219,0.7919570557988809,METAL_LOSS,14961.27,15003.743,4.766666666666667,4.416666666666667,13.0,25.0,12.0,1.7142857142857142,1.26,9.3,8.040000000000001,1.1485714285714288,1.42,3.1,1.6800000000000002,0.24000000000000002,False
541,1223,0.8083655176790793,METAL_LOSS,14966.55,15007.575,5.783333333333333,5.85,13.0,26.0,13.0,1.8571428571428572,0.59,9.8,9.21,1.3157142857142858,0.71,6.3,5.59,0.7985714285714286,False
543,1225,0.760864703019519,CLUSTER,14967.06,15007.881,4.683333333333334,4.016666666666667,51.0,25.0,-26.0,-3.7142857142857144,1.74,3.7,1.9600000000000002,0.28,5.2,3.9,-1.3000000000000003,-0.18571428571428575,False
549,1226,0.7759592934679312,METAL_LOSS,14968.31,15008.602,4.2,3.8,15.0,20.0,5.0,0.7142857142857143,0.87,22.9,22.029999999999998,3.147142857142857,1.38,5.1,3.7199999999999998,0.5314285714285714,False
567,1228,0.7779251571129681,METAL_LOSS,14972.35,15011.601,3.0166666666666666,3.2666666666666666,11.0,22.0,11.0,1.5714285714285714,0.94,33.8,32.86,4.694285714285714,2.36,15.3,12.940000000000001,1.8485714285714288,False
565,1231,0.7957426282295249,METAL_LOSS,14972.17,15012.484,5.716666666666667,5.633333333333333,40.0,12.0,-28.0,-4.0,0.99,10.0,9.01,1.2871428571428571,3.03,3.9,0.8700000000000001,0.1242857142857143,False
568,1232,0.66195056751446,CLUSTER,14973.7,15013.576,4.85,6.15,27.0,14.0,-13.0,-1.8571428571428572,2.17,4.8,2.63,0.3757142857142857,3.77,2.7,-1.0699999999999998,-0.15285714285714283,False
573,1244,0.6568945996276003,METAL_LOSS,15015.82,15052.946,1.9166666666666665,1.6166666666666667,15.0,27.0,12.0,1.7142857142857142,0.59,19.8,19.21,2.744285714285714,1.02,4.3,3.28,0.4685714285714285,False
576,1247,0.7540071384233739,METAL_LOSS,15024.49,15064.019,7.933333333333334,6.716666666666667,10.0,15.0,5.0,0.7142857142857143,0.75,2.1,1.35,0.19285714285714287,1.81,1.4,-0.41000000000000014,-0.058571428571428594,False
575,1248,0.8893183736809022,METAL_LOSS,15024.48,15064.17,3.033333333333333,3.4166666666666665,10.0,17.0,7.0,1.0,0.59,0.8,0.21000000000000008,0.03000000000000001,2.48,3.6,1.12,0.16,False
574,1249,0.8673034140285292,METAL_LOSS,15024.47,15064.196,5.316666666666666,4.866666666666667,11.0,17.0,6.0,0.8571428571428571,0.87,2.0,1.13,0.16142857142857142,0.59,1.4,0.8099999999999999,0.1157142857142857,False
578,1250,0.5627493482309498,METAL_LOSS,15026.16,15064.206,12.983333333333333,7.55,11.0,15.0,4.0,0.5714285714285714,0.83,2.3,1.4699999999999998,0.20999999999999996,1.42,1.0,-0.41999999999999993,-0.05999999999999999,False
579,1257,0.628855269843605,METAL_LOSS,15049.79,15086.227,8.75,7.75,13.0,17.0,4.0,0.5714285714285714,0.67,1.9,1.23,0.1757142857142857,1.38,2.2,0.8200000000000003,0.11714285714285719,False
580,1258,0.5153498263238048,METAL_LOSS,15052.42,15087.602,8.733333333333333,7.433333333333334,10.0,13.0,3.0,0.42857142857142855,2.13,0.9,-1.23,-0.1757142857142857,1.93,0.7,-1.23,-0.1757142857142857,False
584,1260,0.6117406102406313,METAL_LOSS,15054.95,15092.165,8.233333333333333,7.8,18.0,41.0,23.0,3.2857142857142856,0.67,53.2,52.53,7.5042857142857144,1.06,12.3,11.24,1.6057142857142856,True
589,1261,0.5798150327776841,CLUSTER,15056.15,15097.29,8.066666666666666,3.183333333333333,21.0,23.0,2.0,0.2857142857142857,2.09,3.3,1.21,0.17285714285714285,3.21,2.6,-0.6099999999999999,-0.08714285714285712,False
590,1262,0.701688669815212,METAL_LOSS,15059.49,15098.202,9.0,8.533333333333333,17.0,31.0,14.0,2.0,1.89,15.3,13.41,1.9157142857142857,1.38,7.6,6.22,0.8885714285714286,False
591,1264,0.7568019216831512,METAL_LOSS,15061.44,15101.07,9.9,9.383333333333333,15.0,24.0,9.0,1.2857142857142858,0.83,12.4,11.57,1.6528571428571428,1.22,5.5,4.28,0.6114285714285714,False
588,1267,0.584472007730114,METAL_LOSS,15056.04,15102.333,8.866666666666667,9.216666666666667,13.0,15.0,2.0,0.2857142857142857,1.85,1.5,-0.3500000000000001,-0.05000000000000001,1.1,1.9,0.7999999999999998,0.11428571428571425,False
594,1271,0.5659781841234253,METAL_LOSS,15069.74,15107.703,3.8833333333333333,8.383333333333333,10.0,14.0,4.0,0.5714285714285714,0.75,2.2,1.4500000000000002,0.20714285714285716,1.61,1.5,-0.1100000000000001,-0.01571428571428573,False
593,1272,0.5591317322593143,METAL_LOSS,15069.47,15108.271,3.8833333333333333,8.85,23.0,12.0,-11.0,-1.5714285714285714,1.61,3.1,1.49,0.21285714285714286,2.91,1.7,-1.2100000000000002,-0.17285714285714288,False
595,1274,0.5480193090187798,METAL_LOSS,15073.61,15111.919,5.166666666666667,8.533333333333333,10.0,13.0,3.0,0.42857142857142855,0.75,3.6,2.85,0.40714285714285714,1.38,1.8,0.42000000000000015,0.06000000000000002,False
596,1275,0.8126632440808256,METAL_LOSS,15073.85,15113.386,5.2,5.116666666666666,19.0,29.0,10.0,1.4285714285714286,0.75,15.4,14.65,2.092857142857143,1.5,8.8,7.300000000000001,1.042857142857143,False
600,1276,0.707131091387658,METAL_LOSS,15076.28,15113.694,12.283333333333333,11.716666666666667,20.0,12.0,-8.0,-1.1428571428571428,0.75,6.5,5.75,0.8214285714285714,2.01,2.0,-0.009999999999999787,-0.0014285714285713982,False
599,1277,0.5136482319402118,METAL_LOSS,15076.11,15115.154,12.7,9.6,10.0,16.0,6.0,0.8571428571428571,0.35,9.9,9.55,1.3642857142857143,0.67,4.8,4.13,0.59,False
602,1279,0.7851707522229784,METAL_LOSS,15086.22,15125.791,3.1166666666666667,3.5833333333333335,22.0,21.0,-1.0,-0.14285714285714285,0.67,10.7,10.03,1.4328571428571428,1.02,7.9,6.880000000000001,0.982857142857143,False
603,1280,0.5889520354578143,METAL_LOSS,15086.47,15126.122,5.116666666666666,1.85,10.0,32.0,22.0,3.142857142857143,0.55,1.9,1.3499999999999999,0.19285714285714284,0.94,1.4,0.45999999999999996,0.06571428571428571,True
608,1281,0.874870310518796,METAL_LOSS,15093.89,15132.32,6.316666666666666,6.35,10.0,16.0,6.0,0.8571428571428571,1.38,2.6,1.2200000000000002,0.17428571428571432,1.89,2.2,0.3100000000000003,0.044285714285714324,False
605,1282,0.7858806072809906,METAL_LOSS,15092.78,15132.484,8.25,7.75,41.0,40.0,-1.0,-0.14285714285714285,0.67,10.3,9.63,1.375714285714286,1.1,4.3,3.1999999999999997,0.45714285714285713,False
615,1283,0.816967130469725,METAL_LOSS,15095.94,15133.015,6.166666666666667,6.216666666666667,14.0,13.0,-1.0,-0.14285714285714285,1.93,2.6,0.6700000000000002,0.09571428571428574,2.05,3.1,1.0500000000000003,0.15000000000000005,False
621,1287,0.8226118320915683,CLUSTER,15104.59,15144.206,3.1333333333333333,3.533333333333333,17.0,21.0,4.0,0.5714285714285714,0.83,6.0,5.17,0.7385714285714285,8.9,7.6,-1.3000000000000007,-0.1857142857142858,False
623,1288,0.5811467043454497,METAL_LOSS,15106.27,15144.551,11.716666666666667,2.4833333333333334,14.0,19.0,5.0,0.7142857142857143,0.59,0.8,0.21000000000000008,0.03000000000000001,1.3,0.3,-1.0,-0.14285714285714285,False
626,1295,0.7965189849217434,METAL_LOSS,15184.5,15224.154,4.266666666666667,4.233333333333333,10.0,23.0,13.0,1.8571428571428572,0.79,7.4,6.61,0.9442857142857143,2.24,6.1,3.8599999999999994,0.5514285714285714,False
625,1296,0.7665174554883925,METAL_LOSS,15184.5,15224.472,2.35,1.9666666666666668,11.0,22.0,11.0,1.5714285714285714,1.02,25.2,24.18,3.454285714285714,2.01,18.5,16.490000000000002,2.355714285714286,False
629,1298,0.8272963445603322,METAL_LOSS,15186.2,15226.306,3.1666666666666665,2.65,10.0,18.0,8.0,1.1428571428571428,1.1,3.1,2.0,0.2857142857142857,2.44,3.5,1.06,0.15142857142857144,False
631,1303,0.5206738794479759,METAL_LOSS,15263.79,15302.343,7.75,5.016666666666667,14.0,19.0,5.0,0.7142857142857143,0.98,2.3,1.3199999999999998,0.18857142857142856,5.08,2.9,-2.18,-0.31142857142857144,False
636,1308,0.8121854750136711,METAL_LOSS,15275.45,15314.633,8.016666666666667,7.9,17.0,16.0,-1.0,-0.14285714285714285,1.1,10.7,9.6,1.3714285714285714,2.79,4.8,2.01,0.2871428571428571,False
635,1309,0.6135711147720273,METAL_LOSS,15275.44,15315.226,3.283333333333333,4.733333333333333,18.0,15.0,-3.0,-0.42857142857142855,1.5,9.5,8.0,1.1428571428571428,5.2,8.2,2.999999999999999,0.42857142857142844,False
633,1310,0.8899664103971776,METAL_LOSS,15275.43,15315.322,2.6833333333333336,2.8,12.0,14.0,2.0,0.2857142857142857,0.55,2.9,2.3499999999999996,0.3357142857142857,1.1,1.7,0.5999999999999999,0.0857142857142857,False
648,1322,0.749052030456929,METAL_LOSS,15366.08,15405.932,2.8833333333333333,2.033333333333333,12.0,16.0,4.0,0.5714285714285714,1.02,2.8,1.7799999999999998,0.2542857142857143,4.05,2.2,-1.8499999999999996,-0.26428571428571423,False
649,1323,0.7957013536379175,METAL_LOSS,15366.08,15406.063,4.083333333333333,3.783333333333333,15.0,14.0,-1.0,-0.14285714285714285,0.91,6.4,5.49,0.7842857142857144,7.36,2.6,-4.76,-0.6799999999999999,False
654,1327,0.6760324466053227,METAL_LOSS,15377.59,15418.435,5.016666666666667,6.733333333333333,19.0,13.0,-6.0,-0.8571428571428571,0.67,1.6,0.93,0.13285714285714287,1.14,1.7,0.56,0.08,False
653,1328,0.8469285494732965,METAL_LOSS,15377.43,15418.609,10.066666666666666,10.666666666666666,11.0,15.0,4.0,0.5714285714285714,0.87,2.2,1.33,0.19,2.44,1.7,-0.74,-0.10571428571428572,False
662,1337,0.5212390715794925,METAL_LOSS,15505.12,15546.375,2.9,6.466666666666667,13.0,13.0,0.0,0.0,0.71,8.5,7.79,1.1128571428571428,1.69,4.6,2.9099999999999997,0.41571428571428565,False
665,1344,0.9413214162809607,METAL_LOSS,15585.19,15627.723,4.883333333333333,4.9,21.0,22.0,1.0,0.14285714285714285,1.06,2.8,1.7399999999999998,0.24857142857142853,1.34,1.9,0.5599999999999998,0.07999999999999997,False
678,1373,0.9626938349007546,METAL_LOSS,16038.87,16082.477,7.416666666666667,7.433333333333334,13.0,18.0,5.0,0.7142857142857143,0.35,0.6,0.25,0.03571428571428571,0.63,0.9,0.27,0.038571428571428576,False
687,1384,0.8433062554516909,METAL_LOSS,16377.71,16422.142,4.733333333333333,4.5,11.0,21.0,10.0,1.4285714285714286,0.67,3.5,2.83,0.4042857142857143,1.42,2.4,0.98,0.13999999999999999,False
690,1387,0.8849748775676578,METAL_LOSS,16458.49,16502.995,5.65,5.35,12.0,17.0,5.0,0.7142857142857143,1.85,3.7,1.85,0.2642857142857143,3.42,3.1,-0.31999999999999984,-0.04571428571428569,False
692,1389,0.6244347597598785,METAL_LOSS,16460.62,16504.396,6.95,8.216666666666667,36.0,12.0,-24.0,-3.4285714285714284,0.75,5.5,4.75,0.6785714285714286,1.93,2.4,0.47,0.06714285714285714,False
694,1393,0.6888019563956792,CLUSTER,16532.12,16575.932,4.566666666666666,5.266666666666667,29.0,20.0,-9.0,-1.2857142857142858,2.56,24.2,21.64,3.0914285714285716,6.51,19.2,12.69,1.8128571428571427,False
698,1394,0.7570992704965345,CLUSTER,16538.65,16582.897,8.416666666666666,7.9,29.0,26.0,-3.0,-0.42857142857142855,1.67,14.6,12.93,1.8471428571428572,5.24,10.4,5.16,0.7371428571428572,False
696,1395,0.8059580673685858,METAL_LOSS,16538.55,16583.117,6.916666666666667,6.4,11.0,19.0,8.0,1.1428571428571428,1.26,4.4,3.1400000000000006,0.4485714285714287,4.57,3.8,-0.7700000000000005,-0.11000000000000007,False
697,1396,0.7442877393681555,METAL_LOSS,16538.65,16583.225,4.033333333333333,3.3,12.0,14.0,2.0,0.2857142857142857,1.18,11.1,9.92,1.417142857142857,1.61,10.6,8.99,1.2842857142857143,False
699,1397,0.8195814474013096,METAL_LOSS,16538.67,16583.271,10.05,9.583333333333334,35.0,24.0,-11.0,-1.5714285714285714,0.67,2.5,1.83,0.26142857142857145,2.01,3.3,1.29,0.1842857142857143,False
706,1402,0.7370940525588545,METAL_LOSS,16620.54,16663.432,6.933333333333334,7.016666666666667,10.0,20.0,10.0,1.4285714285714286,2.05,5.6,3.55,0.5071428571428571,2.21,4.7,2.49,0.35571428571428576,False
702,1403,0.7668626094975052,METAL_LOSS,16618.79,16663.53,5.333333333333333,4.466666666666667,12.0,21.0,9.0,1.2857142857142858,0.94,2.2,1.2600000000000002,0.18000000000000002,0.59,2.5,1.9100000000000001,0.27285714285714285,False
707,1405,0.863148444499906,METAL_LOSS,16620.57,16665.262,6.366666666666666,6.916666666666667,16.0,15.0,-1.0,-0.14285714285714285,0.71,2.4,1.69,0.2414285714285714,1.73,2.1,0.3700000000000001,0.05285714285714287,False
711,1408,0.856529306094289,METAL_LOSS,16699.09,16743.871,8.216666666666667,7.766666666666667,13.0,24.0,11.0,1.5714285714285714,0.94,2.2,1.2600000000000002,0.18000000000000002,3.11,2.7,-0.4099999999999997,-0.05857142857142853,False
718,1409,0.8255403055527487,METAL_LOSS,16700.78,16743.967,3.55,3.65,22.0,23.0,1.0,0.14285714285714285,1.3,2.0,0.7,0.09999999999999999,4.84,2.2,-2.6399999999999997,-0.3771428571428571,False
721,1410,0.7501545783170902,METAL_LOSS,16700.81,16744.035,2.283333333333333,1.6666666666666665,12.0,15.0,3.0,0.42857142857142855,0.98,1.9,0.9199999999999999,0.13142857142857142,4.61,2.5,-2.1100000000000003,-0.3014285714285715,False
713,1414,0.8306844634320506,METAL_LOSS,16699.1,16744.872,4.283333333333333,4.2,17.0,34.0,17.0,2.4285714285714284,0.67,0.7,0.029999999999999916,0.004285714285714274,4.25,1.9,-2.35,-0.33571428571428574,True
719,1415,0.7515541398090256,METAL_LOSS,16700.8,16745.39,4.9,4.566666666666666,45.0,29.0,-16.0,-2.2857142857142856,0.87,8.6,7.7299999999999995,1.1042857142857143,3.98,15.1,11.12,1.5885714285714285,False
722,1416,0.6572908859240779,METAL_LOSS,16700.83,16745.561,7.033333333333333,1.7666666666666666,13.0,22.0,9.0,1.2857142857142858,0.91,1.2,0.2899999999999999,0.04142857142857142,1.77,1.7,-0.07000000000000006,-0.010000000000000009,False
728,1421,0.735058026470336,METAL_LOSS,16780.77,16824.321,3.6666666666666665,3.3833333333333333,13.0,20.0,7.0,1.0,0.51,18.5,17.99,2.57,1.34,6.8,5.46,0.78,False
727,1422,0.5263159830927503,METAL_LOSS,16780.45,16824.8,4.033333333333333,6.083333333333333,10.0,20.0,10.0,1.4285714285714286,0.32,2.6,2.2800000000000002,0.32571428571428573,0.63,3.5,2.87,0.41000000000000003,False
770,1479,0.8344942771834319,CLUSTER,18203.47,18250.587,5.866666666666667,5.366666666666666,28.0,23.0,-5.0,-0.7142857142857143,1.69,1.9,0.20999999999999996,0.029999999999999995,6.41,2.8,-3.6100000000000003,-0.5157142857142858,False
774,1482,0.8416064027785226,METAL_LOSS,18213.52,18260.607,5.066666666666666,5.5,10.0,25.0,15.0,2.142857142857143,1.5,3.1,1.6,0.2285714285714286,2.28,2.6,0.3200000000000003,0.045714285714285756,True
782,1490,0.7665245494484164,METAL_LOSS,18453.36,18501.375,6.6,6.033333333333333,23.0,42.0,19.0,2.7142857142857144,0.55,2.7,2.1500000000000004,0.3071428571428572,1.1,2.7,1.6,0.2285714285714286,True
908,1603,0.6693594723511301,CLUSTER,21382.4,21392.329,5.916666666666667,6.783333333333333,38.0,41.0,3.0,0.42857142857142855,3.3,5.6,2.3,0.32857142857142857,8.57,2.4,-6.17,-0.8814285714285715,False
1013,1697,0.6417744402985651,METAL_LOSS,23008.54,23031.68,6.316666666666666,6.5,16.0,16.0,0.0,0.0,0.55,3.4,2.8499999999999996,0.4071428571428571,1.1,2.9,1.7999999999999998,0.2571428571428571,False
1040,1699,0.5032291666665455,METAL_LOSS,23040.57,23065.256,4.616666666666667,5.133333333333334,20.0,17.0,-3.0,-0.42857142857142855,1.85,6.4,4.550000000000001,0.6500000000000001,2.4,4.2,1.8000000000000003,0.2571428571428572,False
1042,1700,0.5606400497513702,METAL_LOSS,23053.14,23066.555,5.35,5.05,37.0,16.0,-21.0,-3.0,0.67,4.0,3.33,0.4757142857142857,1.1,1.1,0.0,0.0,False
1043,1703,0.6139466524605522,METAL_LOSS,23060.55,23074.695,7.283333333333333,7.666666666666667,10.0,14.0,4.0,0.5714285714285714,0.32,4.2,3.8800000000000003,0.5542857142857144,0.71,1.7,0.99,0.14142857142857143,False
1044,1706,0.6257641222173074,METAL_LOSS,23063.48,23078.442,3.5666666666666664,4.066666666666666,12.0,14.0,2.0,0.2857142857142857,0.39,6.0,5.61,0.8014285714285715,0.67,2.4,1.73,0.24714285714285714,False
1045,1718,0.511881626113039,METAL_LOSS,23074.6,23088.678,3.65,4.216666666666667,10.0,20.0,10.0,1.4285714285714286,0.39,15.5,15.11,2.1585714285714284,0.63,4.0,3.37,0.48142857142857143,False
1134,1874,0.5431784227040318,METAL_LOSS,25525.05,25551.125,6.5,3.1333333333333333,10.0,28.0,18.0,2.5714285714285716,0.75,1.3,0.55,0.07857142857142858,1.26,1.3,0.040000000000000036,0.0057142857142857195,True
1192,1953,0.5581984613476378,METAL_LOSS,26969.94,26973.173,4.066666666666666,5.65,14.0,50.0,36.0,5.142857142857143,0.55,7.7,7.15,1.0214285714285716,0.75,10.9,10.15,1.45,True
1195,1954,0.6264761012530508,METAL_LOSS,26970.74,26973.337,2.8,9.1,24.0,30.0,6.0,0.8571428571428571,0.51,1.1,0.5900000000000001,0.0842857142857143,1.02,1.6,0.5800000000000001,0.08285714285714287,False
1217,1980,0.681848902076684,METAL_LOSS,27356.48,27351.621,5.833333333333333,5.833333333333333,11.0,27.0,16.0,2.2857142857142856,0.51,8.2,7.6899999999999995,1.0985714285714285,1.14,5.1,3.96,0.5657142857142857,True
1290,2086,0.8207862033636582,METAL_LOSS,29249.68,29241.407,3.9833333333333334,4.083333333333333,31.0,25.0,-6.0,-0.8571428571428571,0.67,7.6,6.93,0.99,3.74,4.4,0.6600000000000001,0.0942857142857143,False
1293,2087,0.802884399130162,METAL_LOSS,29251.38,29241.457,5.916666666666667,5.866666666666667,14.0,25.0,11.0,1.5714285714285714,1.34,8.1,6.76,0.9657142857142856,2.36,12.3,9.940000000000001,1.4200000000000002,False
1362,2180,0.5318474869343764,METAL_LOSS,30395.95,30383.632,6.016666666666667,7.033333333333333,11.0,17.0,6.0,0.8571428571428571,1.5,4.4,2.9000000000000004,0.4142857142857143,2.05,2.0,-0.04999999999999982,-0.0071428571428571175,False
1363,2181,0.6313406189893068,METAL_LOSS,30396.32,30387.93,5.616666666666667,6.85,12.0,17.0,5.0,0.7142857142857143,0.75,7.7,6.95,0.9928571428571429,1.14,4.4,3.2600000000000007,0.4657142857142858,False
1437,2252,0.6213748026095629,METAL_LOSS,31623.73,31631.998,5.05,10.4,18.0,18.0,0.0,0.0,1.61,1.9,0.2899999999999998,0.041428571428571405,0.59,1.9,1.31,0.18714285714285714,False
1444,2254,0.757444532941554,METAL_LOSS,31635.4,31671.348,5.9,6.05,23.0,25.0,2.0,0.2857142857142857,0.91,18.4,17.49,2.498571428571428,2.64,8.8,6.16,0.88,False
1440,2256,0.6377219823540144,METAL_LOSS,31632.19,31672.408,5.05,4.416666666666667,13.0,23.0,10.0,1.4285714285714286,0.67,3.1,2.43,0.34714285714285714,1.18,3.1,1.9200000000000002,0.2742857142857143,False
1443,2257,0.5164475105855397,METAL_LOSS,31634.25,31672.444,8.583333333333334,3.5,12.0,25.0,13.0,1.8571428571428572,0.75,4.2,3.45,0.4928571428571429,1.14,2.8,1.66,0.23714285714285713,False
1441,2258,0.6294193834345415,METAL_LOSS,31632.34,31672.457,6.35,7.416666666666667,22.0,28.0,6.0,0.8571428571428571,0.79,2.7,1.9100000000000001,0.27285714285714285,1.42,2.1,0.6800000000000002,0.09714285714285717,False
1447,2266,0.6436111161717174,METAL_LOSS,31695.07,31698.34,5.316666666666666,6.183333333333334,15.0,28.0,13.0,1.8571428571428572,1.73,5.0,3.27,0.46714285714285714,2.36,5.8,3.44,0.49142857142857144,False
1495,2329,0.6414612275037839,METAL_LOSS,32644.89,32641.893,6.833333333333333,12.016666666666667,15.0,14.0,-1.0,-0.14285714285714285,0.75,2.4,1.65,0.2357142857142857,2.01,2.0,-0.009999999999999787,-0.0014285714285713982,False
1496,2330,0.5620837275663645,METAL_LOSS,32644.93,32641.972,4.316666666666666,1.0166666666666666,14.0,18.0,4.0,0.5714285714285714,0.55,3.0,2.45,0.35000000000000003,1.18,3.6,2.42,0.3457142857142857,False
1534,2373,0.7526457025672766,CLUSTER,33081.18,33080.013,5.55,4.95,43.0,18.0,-25.0,-3.5714285714285716,0.67,2.0,1.33,0.19,4.84,2.3,-2.54,-0.3628571428571429,False
1538,2380,0.5513274904072265,METAL_LOSS,33161.16,33160.194,3.2,6.183333333333334,10.0,13.0,3.0,0.42857142857142855,0.55,5.7,5.15,0.7357142857142858,1.18,4.4,3.2200000000000006,0.4600000000000001,False
1543,2386,0.6758913292532396,METAL_LOSS,33241.33,33240.466,4.483333333333333,2.9333333333333336,17.0,23.0,6.0,0.8571428571428571,0.79,3.0,2.21,0.3157142857142857,0.98,1.6,0.6200000000000001,0.08857142857142859,False
1544,2387,0.7510960686395216,METAL_LOSS,33241.53,33240.469,7.183333333333334,6.483333333333333,18.0,19.0,1.0,0.14285714285714285,0.91,3.4,2.4899999999999998,0.3557142857142857,1.93,5.9,3.9700000000000006,0.5671428571428573,False
1547,2389,0.583043480308505,METAL_LOSS,33242.21,33242.303,7.083333333333333,4.316666666666666,17.0,17.0,0.0,0.0,0.55,2.3,1.7499999999999998,0.24999999999999997,1.73,3.5,1.77,0.25285714285714284,False
1550,2392,0.6249625407255436,METAL_LOSS,33322.96,33317.277,7.816666666666666,7.966666666666667,16.0,14.0,-2.0,-0.2857142857142857,0.87,3.9,3.03,0.43285714285714283,3.07,3.8,0.73,0.10428571428571429,False
1564,2399,0.5750239652776185,METAL_LOSS,33400.71,33402.329,7.566666666666666,12.366666666666667,14.0,16.0,2.0,0.2857142857142857,1.58,2.1,0.52,0.07428571428571429,1.42,3.4,1.98,0.28285714285714286,False
1566,2400,0.5862692736113984,METAL_LOSS,33402.69,33402.677,6.666666666666667,8.333333333333334,31.0,18.0,-13.0,-1.8571428571428572,0.59,3.1,2.5100000000000002,0.3585714285714286,0.94,3.0,2.06,0.2942857142857143,False
1569,2404,0.5570965416666392,CLUSTER,33436.25,33436.414,5.933333333333334,12.7,21.0,21.0,0.0,0.0,2.18,8.3,6.120000000000001,0.8742857142857144,1.3,5.3,4.0,0.5714285714285714,False
1572,2405,0.5278783111113605,METAL_LOSS,33441.11,33439.4,5.533333333333333,12.9,22.0,21.0,-1.0,-0.14285714285714285,1.14,2.9,1.76,0.25142857142857145,1.61,2.8,1.1899999999999997,0.16999999999999996,False
1570,2406,0.5232448166665078,METAL_LOSS,33440.39,33440.276,5.583333333333333,1.0333333333333334,37.0,31.0,-6.0,-0.8571428571428571,0.75,9.9,9.15,1.3071428571428572,1.14,5.2,4.0600000000000005,0.5800000000000001,False
1579,2409,0.5157068743915572,METAL_LOSS,33452.49,33450.787,5.016666666666667,6.933333333333334,14.0,14.0,0.0,0.0,0.47,6.5,6.03,0.8614285714285714,0.94,2.4,1.46,0.20857142857142857,False
1633,2411,0.805022727081038,METAL_LOSS,33479.85,33480.335,4.416666666666667,4.5,11.0,17.0,6.0,0.8571428571428571,0.35,8.3,7.950000000000001,1.135714285714286,0.59,7.7,7.11,1.0157142857142858,False
1638,2413,0.6025143134639204,METAL_LOSS,33482.38,33482.635,11.5,5.983333333333333,14.0,33.0,19.0,2.7142857142857144,1.69,1.5,-0.18999999999999995,-0.027142857142857135,1.38,1.9,0.52,0.07428571428571429,True
1657,2432,0.5564165873197263,CLUSTER,33562.56,33557.999,5.166666666666667,5.0,35.0,18.0,-17.0,-2.4285714285714284,3.82,10.2,6.379999999999999,0.9114285714285713,9.49,6.6,-2.8900000000000006,-0.4128571428571429,False
1659,2433,0.5869615958884161,METAL_LOSS,33562.8,33558.261,4.533333333333333,3.75,12.0,28.0,16.0,2.2857142857142856,0.71,0.7,-0.010000000000000009,-0.0014285714285714299,1.34,0.8,-0.54,-0.07714285714285715,True
1658,2434,0.5215396557291098,METAL_LOSS,33562.61,33558.392,7.233333333333333,6.616666666666667,17.0,29.0,12.0,1.7142857142857142,1.14,4.4,3.2600000000000007,0.4657142857142858,8.74,5.8,-2.9400000000000004,-0.42000000000000004,False
1694,2474,0.6694971718796183,METAL_LOSS,33867.52,33884.898,12.45,11.7,34.0,28.0,-6.0,-0.8571428571428571,0.59,1.0,0.41000000000000003,0.05857142857142857,5.83,1.2,-4.63,-0.6614285714285714,False
1722,2488,0.6533928340383282,METAL_LOSS,34026.22,34027.28,9.616666666666667,12.916666666666666,33.0,25.0,-8.0,-1.1428571428571428,1.81,1.1,-0.71,-0.10142857142857142,1.53,1.6,0.07000000000000006,0.010000000000000009,False
1727,2491,0.5461078057020591,METAL_LOSS,34059.0,34055.39,6.0,5.633333333333333,31.0,12.0,-19.0,-2.7142857142857144,0.71,3.7,2.99,0.42714285714285716,1.22,3.0,1.78,0.2542857142857143,False
1743,2497,0.7695545199562184,METAL_LOSS,34106.55,34107.513,10.45,10.233333333333333,45.0,28.0,-17.0,-2.4285714285714284,0.98,5.9,4.92,0.7028571428571428,4.49,8.6,4.109999999999999,0.5871428571428571,False
1745,2498,0.5684434088452675,METAL_LOSS,34107.32,34107.513,11.75,7.7,14.0,15.0,1.0,0.14285714285714285,0.94,3.1,2.16,0.3085714285714286,1.58,3.1,1.52,0.21714285714285714,False
1747,2499,0.5407992247484024,METAL_LOSS,34108.23,34107.625,10.616666666666667,8.766666666666667,11.0,21.0,10.0,1.4285714285714286,0.51,3.0,2.49,0.35571428571428576,1.1,1.4,0.2999999999999998,0.04285714285714283,False
1750,2501,0.7778647827509769,METAL_LOSS,34140.74,34140.486,5.65,6.233333333333333,41.0,32.0,-9.0,-1.2857142857142858,0.94,2.1,1.1600000000000001,0.16571428571428573,1.46,1.9,0.43999999999999995,0.06285714285714285,False
1749,2502,0.735608089528045,METAL_LOSS,34139.92,34140.942,4.966666666666667,6.1,11.0,18.0,7.0,1.0,0.79,3.2,2.41,0.3442857142857143,1.65,1.1,-0.5499999999999998,-0.07857142857142854,False
1752,2510,0.6093126856249081,METAL_LOSS,34156.58,34156.398,4.116666666666666,6.85,19.0,21.0,2.0,0.2857142857142857,1.97,2.0,0.030000000000000027,0.004285714285714289,1.73,2.5,0.77,0.11,False
1754,2511,0.5668666360000497,METAL_LOSS,34158.24,34156.821,5.633333333333333,6.333333333333333,12.0,49.0,37.0,5.285714285714286,0.59,11.9,11.31,1.6157142857142859,1.81,8.5,6.6899999999999995,0.9557142857142856,True
1760,2517,0.5122672764139441,METAL_LOSS,34188.44,34187.746,3.8833333333333333,11.283333333333333,29.0,28.0,-1.0,-0.14285714285714285,1.22,4.7,3.4800000000000004,0.4971428571428572,4.57,5.6,1.0299999999999994,0.14714285714285705,False
1759,2521,0.8689822533172895,METAL_LOSS,34188.44,34189.288,7.283333333333333,7.2,21.0,15.0,-6.0,-0.8571428571428571,1.38,7.2,5.82,0.8314285714285715,4.17,4.8,0.6299999999999999,0.08999999999999998,False
1785,2571,0.5432734518776706,METAL_LOSS,34962.49,34963.635,2.2666666666666666,7.433333333333334,10.0,14.0,4.0,0.5714285714285714,0.79,8.4,7.61,1.0871428571428572,1.38,2.1,0.7200000000000002,0.10285714285714288,False
1787,2575,0.5249336538726913,METAL_LOSS,34971.89,34973.114,11.65,7.3,14.0,15.0,1.0,0.14285714285714285,0.43,4.1,3.6699999999999995,0.5242857142857142,1.18,3.3,2.12,0.3028571428571429,False
1820,2613,0.6856333358193418,METAL_LOSS,35875.96,35878.376,6.566666666666666,6.183333333333334,14.0,24.0,10.0,1.4285714285714286,0.91,7.4,6.49,0.9271428571428572,1.93,5.2,3.2700000000000005,0.4671428571428572,False
1960,2793,0.5929066342760101,METAL_LOSS,39467.08,39466.64,4.333333333333333,6.05,13.0,18.0,5.0,0.7142857142857143,1.22,9.7,8.479999999999999,1.2114285714285713,2.64,4.5,1.8599999999999999,0.2657142857142857,False
1959,2794,0.7699470412263504,METAL_LOSS,39467.06,39467.034,4.116666666666666,4.766666666666667,28.0,16.0,-12.0,-1.7142857142857142,1.34,3.7,2.3600000000000003,0.3371428571428572,0.59,2.0,1.4100000000000001,0.20142857142857146,False
1965,2796,0.5565162154838051,METAL_LOSS,39485.51,39488.596,3.0,1.65,24.0,15.0,-9.0,-1.2857142857142858,1.06,7.3,6.24,0.8914285714285715,1.3,3.2,1.9000000000000001,0.27142857142857146,False
1969,2798,0.581637690251352,METAL_LOSS,39506.92,39517.218,12.833333333333334,3.3333333333333335,10.0,14.0,4.0,0.5714285714285714,1.5,1.9,0.3999999999999999,0.05714285714285713,0.71,1.8,1.09,0.15571428571428572,False
1972,2801,0.6172979986404502,METAL_LOSS,39541.57,39558.96,11.016666666666667,3.8666666666666667,11.0,15.0,4.0,0.5714285714285714,1.42,2.0,0.5800000000000001,0.08285714285714287,1.46,2.0,0.54,0.07714285714285715,False
1971,2802,0.7921499693246863,METAL_LOSS,39541.34,39558.983,8.15,8.566666666666666,21.0,27.0,6.0,0.8571428571428571,0.71,2.7,1.9900000000000002,0.2842857142857143,0.98,2.1,1.12,0.16,False
1970,2803,0.6025256097764683,METAL_LOSS,39540.92,39559.068,9.566666666666666,7.783333333333333,15.0,20.0,5.0,0.7142857142857143,1.22,2.3,1.0799999999999998,0.15428571428571428,1.3,1.8,0.5,0.07142857142857142,False
1977,2822,0.5116432207462268,METAL_LOSS,39551.98,39591.375,9.55,6.05,10.0,18.0,8.0,1.1428571428571428,0.63,2.6,1.9700000000000002,0.2814285714285715,1.58,1.9,0.31999999999999984,0.04571428571428569,False
1981,2826,0.5271283098549093,METAL_LOSS,39592.44,39633.117,5.933333333333334,9.516666666666667,21.0,23.0,2.0,0.2857142857142857,0.35,3.3,2.9499999999999997,0.4214285714285714,1.69,2.2,0.5100000000000002,0.07285714285714288,False
1980,2827,0.5298124392209365,METAL_LOSS,39592.17,39633.189,5.5,2.3833333333333333,10.0,15.0,5.0,0.7142857142857143,0.83,2.7,1.87,0.2671428571428572,4.21,2.4,-1.81,-0.25857142857142856,False
1983,2833,0.6853395167218777,METAL_LOSS,39614.68,39644.56,3.9333333333333336,2.783333333333333,11.0,14.0,3.0,0.42857142857142855,1.14,8.2,7.06,1.0085714285714285,1.1,3.7,2.6,0.37142857142857144,False
1985,2834,0.5611220496820364,METAL_LOSS,39615.22,39646.759,4.683333333333334,3.0833333333333335,15.0,20.0,5.0,0.7142857142857143,1.5,8.4,6.9,0.9857142857142858,2.76,3.9,1.1400000000000001,0.16285714285714287,False
1986,2835,0.6614263483338809,METAL_LOSS,39615.36,39648.123,6.833333333333333,7.533333333333333,11.0,16.0,5.0,0.7142857142857143,1.1,3.0,1.9,0.2714285714285714,0.94,2.0,1.06,0.15142857142857144,False
1997,2836,0.6682180449261893,METAL_LOSS,39654.86,39683.799,7.55,6.45,57.0,14.0,-43.0,-6.142857142857143,0.94,1.9,0.96,0.13714285714285715,3.11,1.7,-1.41,-0.20142857142857143,False
1995,2837,0.5677785001363616,METAL_LOSS,39654.67,39684.232,4.616666666666667,6.233333333333333,10.0,22.0,12.0,1.7142857142857142,0.32,11.8,11.48,1.6400000000000001,2.79,8.3,5.510000000000001,0.7871428571428573,False
2007,2849,0.6606452803400105,METAL_LOSS,39703.44,39746.476,8.95,9.8,10.0,12.0,2.0,0.2857142857142857,0.75,4.2,3.45,0.4928571428571429,1.26,3.2,1.9400000000000002,0.2771428571428572,False
2005,2850,0.6903289770639272,METAL_LOSS,39703.12,39746.765,2.3666666666666667,3.4333333333333336,14.0,16.0,2.0,0.2857142857142857,1.53,3.9,2.37,0.3385714285714286,3.35,2.7,-0.6499999999999999,-0.09285714285714285,False
2006,2851,0.6680813713548268,METAL_LOSS,39703.36,39746.804,1.4333333333333333,2.3833333333333333,12.0,15.0,3.0,0.42857142857142855,0.63,5.7,5.07,0.7242857142857143,1.26,2.4,1.14,0.16285714285714284,False
2012,2865,0.675250203851465,METAL_LOSS,39810.31,39795.282,4.133333333333334,3.966666666666667,47.0,10.0,-37.0,-5.285714285714286,0.67,7.4,6.73,0.9614285714285715,1.06,4.6,3.5399999999999996,0.5057142857142857,False
2175,3036,0.7983607093151804,METAL_LOSS,41609.85,41624.695,7.8,7.416666666666667,53.0,21.0,-32.0,-4.571428571428571,0.55,1.5,0.95,0.1357142857142857,1.38,1.1,-0.2799999999999998,-0.03999999999999997,False
2176,3037,0.5199789367727984,METAL_LOSS,41609.87,41625.253,8.816666666666666,3.9333333333333336,21.0,14.0,-7.0,-1.0,0.55,6.8,6.25,0.8928571428571429,1.1,4.3,3.1999999999999997,0.45714285714285713,False
2182,3038,0.5778688943571162,METAL_LOSS,41611.7,41625.571,7.95,2.8666666666666667,13.0,16.0,3.0,0.42857142857142855,1.93,2.0,0.07000000000000006,0.010000000000000009,1.38,1.9,0.52,0.07428571428571429,False
2181,3039,0.7475606007886753,METAL_LOSS,41611.69,41625.692,8.5,8.45,11.0,21.0,10.0,1.4285714285714286,1.53,4.1,2.5699999999999994,0.36714285714285705,2.01,4.8,2.79,0.3985714285714286,False
2179,3040,0.6479433011897555,METAL_LOSS,41611.64,41625.722,10.183333333333334,11.783333333333333,19.0,20.0,1.0,0.14285714285714285,2.17,1.8,-0.3699999999999999,-0.05285714285714284,1.26,1.8,0.54,0.07714285714285715,False
2184,3041,0.55870130397349,METAL_LOSS,41611.72,41625.764,6.316666666666666,1.2833333333333332,11.0,12.0,1.0,0.14285714285714285,1.65,1.9,0.25,0.03571428571428571,2.79,0.9,-1.8900000000000001,-0.27,False
2183,3043,0.6086362443422936,METAL_LOSS,41611.71,41627.408,7.166666666666667,5.633333333333333,19.0,25.0,6.0,0.8571428571428571,0.71,5.4,4.69,0.67,1.85,9.9,8.05,1.1500000000000001,False
2180,3044,0.7274641584651546,CLUSTER,41611.68,41627.438,9.25,10.633333333333333,30.0,27.0,-3.0,-0.42857142857142855,1.92,2.9,0.98,0.13999999999999999,3.27,2.0,-1.27,-0.18142857142857144,False
2187,3075,0.5705277618591144,METAL_LOSS,41642.64,41653.412,4.466666666666667,4.133333333333334,10.0,12.0,2.0,0.2857142857142857,1.1,7.8,6.699999999999999,0.9571428571428571,1.18,3.3,2.12,0.3028571428571429,False
2186,3076,0.5368027518235338,METAL_LOSS,41641.68,41653.858,6.633333333333333,7.816666666666666,15.0,12.0,-3.0,-0.42857142857142855,1.58,3.1,1.52,0.21714285714285714,2.21,4.6,2.3899999999999997,0.34142857142857136,False
2189,3077,0.591613778497718,METAL_LOSS,41646.35,41655.673,9.933333333333334,9.783333333333333,10.0,10.0,0.0,0.0,1.42,2.9,1.48,0.21142857142857144,1.85,0.9,-0.9500000000000001,-0.13571428571428573,False
2188,3081,0.6584475021801337,METAL_LOSS,41645.67,41659.915,10.5,9.866666666666667,25.0,17.0,-8.0,-1.1428571428571428,0.67,16.7,16.029999999999998,2.2899999999999996,1.5,8.9,7.4,1.0571428571428572,False
2190,3082,0.5854082084078418,METAL_LOSS,41646.56,41661.578,8.083333333333334,9.666666666666666,11.0,17.0,6.0,0.8571428571428571,0.75,5.7,4.95,0.7071428571428572,1.3,3.2,1.9000000000000001,0.27142857142857146,False
2197,3084,0.562937874949694,METAL_LOSS,41654.32,41662.89,9.583333333333334,9.516666666666667,12.0,18.0,6.0,0.8571428571428571,0.75,2.1,1.35,0.19285714285714287,1.02,1.3,0.28,0.04,False
2195,3086,0.5448481887512735,METAL_LOSS,41654.01,41663.448,9.9,9.416666666666666,16.0,22.0,6.0,0.8571428571428571,1.46,1.9,0.43999999999999995,0.06285714285714285,2.24,1.1,-1.1400000000000001,-0.16285714285714287,False
2200,3087,0.5184616142738845,METAL_LOSS,41655.34,41663.835,9.583333333333334,9.416666666666666,10.0,21.0,11.0,1.5714285714285714,1.65,3.6,1.9500000000000002,0.2785714285714286,1.22,1.3,0.08000000000000007,0.011428571428571439,False
2193,3089,0.5983502207823881,METAL_LOSS,41653.19,41665.036,1.5333333333333332,2.066666666666667,10.0,15.0,5.0,0.7142857142857143,1.89,5.0,3.1100000000000003,0.44428571428571434,0.91,2.3,1.3899999999999997,0.19857142857142854,False
2198,3092,0.6726948700909531,METAL_LOSS,41654.48,41665.896,8.45,8.05,12.0,14.0,2.0,0.2857142857142857,1.69,2.8,1.1099999999999999,0.15857142857142856,1.81,1.5,-0.31000000000000005,-0.044285714285714296,False
2194,3093,0.6481554462020916,CLUSTER,41653.76,41666.145,7.233333333333333,7.45,28.0,11.0,-17.0,-2.4285714285714284,1.81,3.5,1.69,0.2414285714285714,4.4,2.4,-2.0000000000000004,-0.28571428571428575,False
2199,3094,0.6579771811799535,METAL_LOSS,41654.52,41666.486,10.05,9.55,11.0,17.0,6.0,0.8571428571428571,0.59,1.7,1.1099999999999999,0.15857142857142856,0.87,1.8,0.93,0.13285714285714287,False
2196,3097,0.562346300758132,CLUSTER,41654.03,41666.896,8.683333333333334,7.75,17.0,26.0,9.0,1.2857142857142858,1.93,4.8,2.87,0.41000000000000003,4.32,2.2,-2.12,-0.3028571428571429,False
2201,3099,0.5868758193473994,METAL_LOSS,41657.25,41670.01,10.15,11.55,17.0,15.0,-2.0,-0.2857142857142857,1.65,1.9,0.25,0.03571428571428571,2.13,3.4,1.27,0.18142857142857144,False
2202,3100,0.5545939210276458,METAL_LOSS,41658.83,41670.059,6.95,7.933333333333334,11.0,11.0,0.0,0.0,1.14,3.3,2.16,0.3085714285714286,1.42,1.9,0.48,0.06857142857142857,False
2275,3104,0.5933378609612442,METAL_LOSS,41689.85,41705.988,2.8333333333333335,7.0,13.0,20.0,7.0,1.0,0.83,4.8,3.9699999999999998,0.5671428571428571,3.39,4.1,0.7099999999999995,0.10142857142857135,False
2284,3105,0.5525304624773191,CLUSTER,41691.86,41706.138,3.6,7.883333333333333,23.0,32.0,9.0,1.2857142857142858,1.73,2.2,0.4700000000000002,0.06714285714285717,2.49,1.9,-0.5900000000000003,-0.08428571428571432,False
2276,3106,0.6322386905894706,METAL_LOSS,41690.68,41706.237,3.4833333333333334,8.75,13.0,20.0,7.0,1.0,0.83,1.2,0.37,0.05285714285714286,1.02,1.3,0.28,0.04,False
2277,3108,0.620158596697645,METAL_LOSS,41690.77,41707.011,2.45,6.433333333333334,11.0,36.0,25.0,3.5714285714285716,0.43,0.7,0.26999999999999996,0.03857142857142857,1.26,1.4,0.1399999999999999,0.019999999999999987,True
2282,3111,0.5532300034198366,METAL_LOSS,41691.75,41707.641,1.3166666666666667,9.916666666666666,13.0,13.0,0.0,0.0,1.61,5.9,4.29,0.6128571428571429,3.62,7.4,3.7800000000000002,0.54,False
2283,3112,0.5619197481431556,METAL_LOSS,41691.83,41707.677,2.4833333333333334,7.633333333333333,11.0,19.0,8.0,1.1428571428571428,1.06,3.9,2.84,0.4057142857142857,3.03,4.5,1.4700000000000002,0.21000000000000002,False
2280,3113,0.6496858951369294,METAL_LOSS,41691.15,41707.907,4.15,11.7,15.0,18.0,3.0,0.42857142857142855,0.79,1.0,0.20999999999999996,0.029999999999999995,1.34,1.6,0.26,0.037142857142857144,False
2325,3115,0.6827402578627726,METAL_LOSS,41711.86,41727.936,9.916666666666666,1.5333333333333332,14.0,15.0,1.0,0.14285714285714285,0.67,1.1,0.43000000000000005,0.06142857142857144,1.77,1.8,0.030000000000000027,0.004285714285714289,False
2328,3116,0.8031247299450235,METAL_LOSS,41712.12,41728.474,10.416666666666666,10.616666666666667,10.0,17.0,7.0,1.0,0.98,26.9,25.919999999999998,3.7028571428571424,1.34,6.3,4.96,0.7085714285714285,False
2331,3117,0.669066203437259,METAL_LOSS,41712.54,41728.56,7.9,1.45,12.0,12.0,0.0,0.0,1.65,2.2,0.5500000000000003,0.07857142857142861,0.75,1.3,0.55,0.07857142857142858,False
2337,3118,0.5995357181587364,METAL_LOSS,41713.65,41730.115,10.116666666666667,12.866666666666667,15.0,13.0,-2.0,-0.2857142857142857,0.94,3.4,2.46,0.3514285714285714,2.05,3.1,1.0500000000000003,0.15000000000000005,False
2338,3119,0.8317151305853961,METAL_LOSS,41713.67,41730.981,10.783333333333333,11.1,10.0,12.0,2.0,0.2857142857142857,0.47,2.6,2.13,0.30428571428571427,0.91,1.3,0.39,0.055714285714285716,False
2344,3120,0.613637111461854,METAL_LOSS,41715.27,41731.309,9.883333333333333,12.95,10.0,12.0,2.0,0.2857142857142857,1.06,3.5,2.44,0.3485714285714286,1.5,2.4,0.8999999999999999,0.12857142857142856,False
2345,3121,0.6264523591057837,METAL_LOSS,41715.45,41731.483,7.966666666666667,11.95,11.0,12.0,1.0,0.14285714285714285,1.14,2.9,1.76,0.25142857142857145,1.46,2.6,1.1400000000000001,0.16285714285714287,False
2343,3122,0.79925095440274,METAL_LOSS,41714.75,41731.811,10.083333333333334,11.083333333333334,10.0,11.0,1.0,0.14285714285714285,1.61,1.6,-0.010000000000000009,-0.0014285714285714299,0.63,0.7,0.06999999999999995,0.009999999999999993,False
2376,3123,0.9564218988510401,METAL_LOSS,41721.54,41737.707,7.7,7.716666666666667,11.0,14.0,3.0,0.42857142857142855,1.5,1.1,-0.3999999999999999,-0.05714285714285713,1.85,0.9,-0.9500000000000001,-0.13571428571428573,False
2382,3124,0.6894688279405575,METAL_LOSS,41722.0,41738.018,8.566666666666666,7.783333333333333,11.0,27.0,16.0,2.2857142857142856,1.73,6.5,4.77,0.6814285714285714,1.18,4.2,3.0200000000000005,0.4314285714285715,True
2386,3125,0.7537872300496382,METAL_LOSS,41722.17,41738.091,4.533333333333333,4.766666666666667,10.0,30.0,20.0,2.857142857142857,1.89,6.3,4.41,0.63,1.1,4.3,3.1999999999999997,0.45714285714285713,True
2396,3126,0.772144812024829,METAL_LOSS,41723.54,41739.111,4.25,4.666666666666667,10.0,11.0,1.0,0.14285714285714285,0.63,6.0,5.37,0.7671428571428571,1.26,4.7,3.4400000000000004,0.4914285714285715,False
2408,3127,0.5600331712307751,METAL_LOSS,41725.98,41741.893,3.966666666666667,10.733333333333333,14.0,38.0,24.0,3.4285714285714284,0.98,2.7,1.7200000000000002,0.24571428571428575,1.34,2.4,1.0599999999999998,0.1514285714285714,True
2384,3128,0.5637411045212908,METAL_LOSS,41722.1,41742.274,8.883333333333333,8.4,10.0,19.0,9.0,1.2857142857142858,0.71,7.9,7.19,1.0271428571428571,1.65,4.6,2.9499999999999997,0.4214285714285714,False
2409,3129,0.5296972798476054,METAL_LOSS,41726.2,41742.949,3.55,10.533333333333333,17.0,15.0,-2.0,-0.2857142857142857,0.83,8.1,7.27,1.0385714285714285,1.1,4.6,3.4999999999999996,0.49999999999999994,False
2406,3131,0.5638531387546649,METAL_LOSS,41725.37,41743.871,4.266666666666667,10.683333333333334,18.0,18.0,0.0,0.0,0.51,0.9,0.39,0.055714285714285716,0.87,1.3,0.43000000000000005,0.06142857142857144,False
2397,3132,0.5188627300508606,METAL_LOSS,41723.62,41744.636,2.5666666666666664,1.6666666666666665,12.0,14.0,2.0,0.2857142857142857,0.43,4.5,4.07,0.5814285714285715,0.79,2.1,1.31,0.18714285714285714,False
2399,3133,0.5591512877833026,METAL_LOSS,41723.91,41745.351,2.6,1.7666666666666666,26.0,18.0,-8.0,-1.1428571428571428,0.75,1.6,0.8500000000000001,0.12142857142857144,1.46,1.7,0.24,0.03428571428571429,False
2401,3134,0.5044186053626748,METAL_LOSS,41724.12,41745.791,2.55,1.6833333333333333,37.0,15.0,-22.0,-3.142857142857143,0.67,1.3,0.63,0.09,1.58,1.2,-0.3800000000000001,-0.054285714285714305,False
2417,3161,0.517035084019926,METAL_LOSS,41742.09,41754.268,8.883333333333333,8.783333333333333,16.0,13.0,-3.0,-0.42857142857142855,0.71,0.9,0.19000000000000006,0.027142857142857153,0.87,0.3,-0.5700000000000001,-0.08142857142857143,False
2415,3163,0.5203957816481819,METAL_LOSS,41742.03,41754.646,8.6,8.65,14.0,19.0,5.0,0.7142857142857143,0.55,1.6,1.05,0.15,0.59,0.6,0.010000000000000009,0.0014285714285714299,False
2413,3167,0.5377647737425431,METAL_LOSS,41741.92,41755.906,10.4,10.25,18.0,15.0,-3.0,-0.42857142857142855,0.91,1.0,0.08999999999999997,0.012857142857142853,1.69,0.7,-0.99,-0.14142857142857143,False
2411,3179,0.5340311104496165,CLUSTER,41741.6,41759.177,8.25,8.1,33.0,41.0,8.0,1.1428571428571428,0.89,5.7,4.8100000000000005,0.6871428571428572,3.37,4.0,0.6299999999999999,0.08999999999999998,False
2412,3184,0.536416807251101,CLUSTER,41741.77,41761.289,8.2,8.8,17.0,21.0,4.0,0.5714285714285714,2.12,3.4,1.2799999999999998,0.18285714285714283,2.18,1.2,-0.9800000000000002,-0.14000000000000004,False
2420,3187,0.617649978498815,METAL_LOSS,41742.22,41765.253,3.3166666666666664,3.4833333333333334,23.0,20.0,-3.0,-0.42857142857142855,0.79,6.6,5.81,0.83,2.09,1.5,-0.5899999999999999,-0.08428571428571427,False
2419,3188,0.5940475546627795,METAL_LOSS,41742.13,41765.44,1.3333333333333333,12.616666666666667,25.0,17.0,-8.0,-1.1428571428571428,0.55,0.8,0.25,0.03571428571428571,1.02,1.3,0.28,0.04,False
2414,3189,0.5025967136384358,METAL_LOSS,41742.01,41765.443,11.766666666666667,11.0,26.0,39.0,13.0,1.8571428571428572,2.05,3.1,1.0500000000000003,0.15000000000000005,1.42,4.2,2.7800000000000002,0.3971428571428572,False
2418,3190,0.5848310591778219,METAL_LOSS,41742.1,41765.915,9.1,8.966666666666667,12.0,23.0,11.0,1.5714285714285714,0.94,8.4,7.460000000000001,1.0657142857142858,0.75,2.6,1.85,0.2642857142857143,False
2416,3193,0.5722872713442129,METAL_LOSS,41742.07,41766.309,2.8333333333333335,3.5166666666666666,15.0,11.0,-4.0,-0.5714285714285714,0.59,3.1,2.5100000000000002,0.3585714285714286,1.1,1.7,0.5999999999999999,0.0857142857142857,False
2421,3194,0.624221134762076,METAL_LOSS,41742.23,41766.644,2.183333333333333,2.033333333333333,19.0,19.0,0.0,0.0,0.55,5.6,5.05,0.7214285714285714,0.94,2.8,1.8599999999999999,0.2657142857142857,False
2423,3198,0.5191244790116858,METAL_LOSS,41744.25,41767.94,3.5666666666666664,3.35,10.0,25.0,15.0,2.142857142857143,0.63,6.5,5.87,0.8385714285714286,1.1,1.4,0.2999999999999998,0.04285714285714283,True
2424,3218,0.5664735122887099,METAL_LOSS,41746.67,41776.227,10.616666666666667,10.566666666666666,17.0,22.0,5.0,0.7142857142857143,0.63,6.1,5.47,0.7814285714285714,0.94,2.4,1.46,0.20857142857142857,False
2443,3233,0.5276474094721231,METAL_LOSS,41771.85,41798.927,2.9,2.8333333333333335,42.0,34.0,-8.0,-1.1428571428571428,0.83,1.3,0.4700000000000001,0.06714285714285716,1.68,1.8,0.1200000000000001,0.017142857142857158,False
2437,3236,0.5795583632626546,METAL_LOSS,41769.91,41801.453,8.366666666666667,9.883333333333333,12.0,27.0,15.0,2.142857142857143,0.51,1.5,0.99,0.14142857142857143,1.26,1.0,-0.26,-0.037142857142857144,True
2430,3237,0.6115437689906863,METAL_LOSS,41768.79,41801.867,5.266666666666667,10.033333333333333,11.0,22.0,11.0,1.5714285714285714,1.69,2.2,0.5100000000000002,0.07285714285714288,0.59,1.3,0.7100000000000001,0.10142857142857144,False
2432,3238,0.7680691143903241,METAL_LOSS,41769.32,41801.936,6.9,7.65,13.0,12.0,-1.0,-0.14285714285714285,0.71,5.3,4.59,0.6557142857142857,2.28,2.1,-0.17999999999999972,-0.025714285714285672,False
2442,3239,0.7684227168540838,METAL_LOSS,41771.61,41802.149,8.883333333333333,8.866666666666667,10.0,16.0,6.0,0.8571428571428571,1.38,12.4,11.02,1.5742857142857143,4.41,4.4,-0.009999999999999787,-0.0014285714285713982,False
2429,3240,0.6011632603687208,METAL_LOSS,41768.79,41802.224,6.45,9.75,12.0,19.0,7.0,1.0,1.26,7.6,6.34,0.9057142857142857,2.13,2.3,0.16999999999999993,0.024285714285714275,False
2444,3241,0.7612014457414625,METAL_LOSS,41771.86,41802.91,3.65,2.8,16.0,17.0,1.0,0.14285714285714285,1.42,1.0,-0.41999999999999993,-0.05999999999999999,1.53,1.2,-0.33000000000000007,-0.04714285714285715,False
2438,3242,0.6376718272634041,METAL_LOSS,41770.06,41803.255,4.166666666666667,2.7666666666666666,10.0,16.0,6.0,0.8571428571428571,0.59,5.5,4.91,0.7014285714285714,0.98,2.7,1.7200000000000002,0.24571428571428575,False
2431,3243,0.5369027214444699,METAL_LOSS,41769.29,41803.501,5.033333333333333,9.933333333333334,14.0,16.0,2.0,0.2857142857142857,0.51,7.7,7.19,1.0271428571428571,3.15,3.0,-0.1499999999999999,-0.021428571428571415,False
2439,3244,0.5831108083600379,METAL_LOSS,41770.17,41803.888,5.283333333333333,2.8,24.0,16.0,-8.0,-1.1428571428571428,0.94,1.4,0.45999999999999996,0.06571428571428571,1.46,1.7,0.24,0.03428571428571429,False
2436,3246,0.5162703900932732,METAL_LOSS,41769.86,41804.475,6.75,9.716666666666667,13.0,17.0,4.0,0.5714285714285714,0.35,1.7,1.35,0.19285714285714287,0.94,1.0,0.06000000000000005,0.008571428571428579,False
2448,3282,0.5916551109670577,METAL_LOSS,41805.07,41819.984,9.166666666666666,9.2,11.0,13.0,2.0,0.2857142857142857,0.63,4.1,3.4699999999999998,0.49571428571428566,1.02,1.0,-0.020000000000000018,-0.0028571428571428597,False
2446,3287,0.6112181385352259,METAL_LOSS,41804.18,41821.348,7.966666666666667,9.233333333333333,19.0,23.0,4.0,0.5714285714285714,1.42,1.7,0.28,0.04,1.65,1.3,-0.34999999999999987,-0.04999999999999998,False
2447,3289,0.7460917626761705,METAL_LOSS,41804.44,41822.569,8.033333333333333,8.45,11.0,16.0,5.0,0.7142857142857143,0.59,5.9,5.3100000000000005,0.7585714285714287,1.06,2.2,1.1400000000000001,0.16285714285714287,False
2453,3299,0.5819885317494886,METAL_LOSS,41839.82,41836.499,10.733333333333333,4.483333333333333,16.0,15.0,-1.0,-0.14285714285714285,0.91,1.5,0.59,0.08428571428571428,1.26,1.0,-0.26,-0.037142857142857144,False
2458,3305,0.6123149998757677,METAL_LOSS,41852.33,41839.951,4.483333333333333,4.616666666666667,10.0,19.0,9.0,1.2857142857142858,0.51,6.7,6.19,0.8842857142857143,1.22,4.3,3.08,0.44,False
2456,3307,0.7845590549741674,METAL_LOSS,41851.24,41842.523,2.8166666666666664,3.15,14.0,30.0,16.0,2.2857142857142856,0.47,2.8,2.33,0.33285714285714285,2.05,2.7,0.6500000000000004,0.0928571428571429,True
2457,3308,0.5307086273689153,METAL_LOSS,41852.07,41843.451,5.133333333333334,10.933333333333334,14.0,19.0,5.0,0.7142857142857143,0.91,4.6,3.6899999999999995,0.527142857142857,2.17,4.6,2.4299999999999997,0.3471428571428571,False
2460,3359,0.532518341130058,METAL_LOSS,41930.2,41940.876,9.8,10.3,27.0,13.0,-14.0,-2.0,0.75,1.1,0.3500000000000001,0.05000000000000001,1.46,1.0,-0.45999999999999996,-0.06571428571428571,False
2465,3361,0.6187584465732167,METAL_LOSS,41931.89,41947.224,3.45,4.383333333333334,11.0,14.0,3.0,0.42857142857142855,0.47,6.8,6.33,0.9042857142857142,1.18,5.6,4.42,0.6314285714285715,False
2464,3362,0.6872202296973474,METAL_LOSS,41931.89,41947.47,6.583333333333333,5.6,10.0,12.0,2.0,0.2857142857142857,0.59,4.3,3.71,0.53,2.72,3.0,0.2799999999999998,0.03999999999999997,False
2463,3363,0.5303955471401245,METAL_LOSS,41931.86,41947.487,8.366666666666667,3.2666666666666666,23.0,11.0,-12.0,-1.7142857142857142,0.55,2.2,1.6500000000000001,0.23571428571428574,1.73,1.3,-0.42999999999999994,-0.06142857142857142,False
2462,3364,0.5419141605406573,METAL_LOSS,41931.85,41947.53,9.116666666666667,2.6,26.0,15.0,-11.0,-1.5714285714285714,0.83,1.0,0.17000000000000004,0.024285714285714292,3.66,2.0,-1.6600000000000001,-0.23714285714285716,False
2469,3371,0.5967944158651048,METAL_LOSS,42010.35,42027.428,1.85,8.6,23.0,14.0,-9.0,-1.2857142857142858,0.79,3.9,3.11,0.4442857142857143,1.97,1.9,-0.07000000000000006,-0.010000000000000009,False
2536,3472,0.5943760826789721,METAL_LOSS,43736.61,43711.732,4.383333333333334,4.3,11.0,12.0,1.0,0.14285714285714285,0.94,4.7,3.7600000000000002,0.5371428571428571,1.81,2.6,0.79,0.11285714285714286,False
2538,3474,0.775310461434374,METAL_LOSS,43736.9,43719.085,4.5,3.6166666666666667,17.0,15.0,-2.0,-0.2857142857142857,0.94,2.0,1.06,0.15142857142857144,1.22,1.8,0.5800000000000001,0.08285714285714287,False
2539,3475,0.6454849569703284,METAL_LOSS,43745.01,43721.355,4.15,3.8,21.0,13.0,-8.0,-1.1428571428571428,0.67,1.4,0.7299999999999999,0.10428571428571427,2.05,1.3,-0.7499999999999998,-0.10714285714285711,False
2556,3482,0.5844554168521572,METAL_LOSS,43814.13,43810.243,8.8,7.45,15.0,17.0,2.0,0.2857142857142857,2.09,1.1,-0.9899999999999998,-0.1414285714285714,1.89,1.2,-0.69,-0.09857142857142856,False
2686,3609,0.5390319744807541,METAL_LOSS,44126.39,44111.703,4.916666666666667,3.5833333333333335,29.0,28.0,-1.0,-0.14285714285714285,0.87,1.5,0.63,0.09,3.58,1.9,-1.6800000000000002,-0.24000000000000002,False
2687,3611,0.5598522844296773,METAL_LOSS,44126.41,44113.12,6.166666666666667,6.933333333333334,41.0,15.0,-26.0,-3.7142857142857144,0.83,11.8,10.97,1.5671428571428572,3.9,2.1,-1.7999999999999998,-0.2571428571428571,False
2689,3706,0.5665018452466304,METAL_LOSS,44170.48,44155.348,5.65,5.4,11.0,14.0,3.0,0.42857142857142855,0.91,3.4,2.4899999999999998,0.3557142857142857,1.3,3.0,1.7,0.24285714285714285,False
2692,3712,0.6316381953729449,METAL_LOSS,44171.29,44156.204,5.633333333333333,5.783333333333333,13.0,14.0,1.0,0.14285714285714285,1.5,3.7,2.2,0.31428571428571433,1.58,1.7,0.11999999999999988,0.017142857142857126,False
2694,3723,0.5537973746602042,METAL_LOSS,44204.7,44197.27,4.2,11.916666666666666,10.0,19.0,9.0,1.2857142857142858,0.59,1.1,0.5100000000000001,0.07285714285714287,1.1,1.5,0.3999999999999999,0.05714285714285713,False
2699,3728,0.6770373081069833,METAL_LOSS,44286.72,44272.854,4.95,5.116666666666666,11.0,31.0,20.0,2.857142857142857,0.91,1.4,0.4899999999999999,0.06999999999999998,1.1,1.8,0.7,0.09999999999999999,True
2741,3763,0.8461057003700244,METAL_LOSS,44720.24,44715.115,6.65,6.366666666666666,24.0,17.0,-7.0,-1.0,0.79,4.1,3.3099999999999996,0.4728571428571428,1.22,1.9,0.6799999999999999,0.09714285714285713,False
2737,3764,0.7327845285955458,METAL_LOSS,44719.8,44715.961,6.616666666666667,6.433333333333334,72.0,14.0,-58.0,-8.285714285714286,0.87,6.1,5.2299999999999995,0.7471428571428571,0.83,1.7,0.87,0.12428571428571429,False
2747,3765,0.5318055663623947,METAL_LOSS,44725.74,44718.284,4.25,6.216666666666667,33.0,13.0,-20.0,-2.857142857142857,2.05,8.1,6.05,0.8642857142857142,1.14,2.3,1.16,0.1657142857142857,False
2748,3766,0.5956254845172144,METAL_LOSS,44745.1,44729.738,7.733333333333333,5.916666666666667,19.0,15.0,-4.0,-0.5714285714285714,0.55,15.7,15.149999999999999,2.164285714285714,1.1,2.7,1.6,0.2285714285714286,False
2795,3770,0.7622163622128945,METAL_LOSS,44827.88,44808.78,6.25,5.883333333333333,14.0,13.0,-1.0,-0.14285714285714285,1.73,1.1,-0.6299999999999999,-0.08999999999999998,2.28,0.7,-1.5799999999999998,-0.2257142857142857,False
2797,3771,0.5220256474334375,METAL_LOSS,44827.99,44809.088,4.266666666666667,5.8,34.0,15.0,-19.0,-2.7142857142857144,0.55,2.1,1.55,0.22142857142857145,1.06,2.4,1.3399999999999999,0.19142857142857142,False
2796,3772,0.5194637320806489,METAL_LOSS,44827.99,44809.747,3.6833333333333336,6.666666666666667,44.0,18.0,-26.0,-3.7142857142857144,0.59,1.5,0.91,0.13,1.22,1.5,0.28,0.04,False
2801,3804,0.5867094378737481,METAL_LOSS,44869.77,44847.874,6.8,7.85,19.0,19.0,0.0,0.0,1.42,2.2,0.7800000000000002,0.11142857142857146,1.73,2.0,0.27,0.038571428571428576,False
2804,3818,0.7341309541541512,METAL_LOSS,44874.94,44854.236,4.85,4.483333333333333,21.0,14.0,-7.0,-1.0,0.67,1.2,0.5299999999999999,0.0757142857142857,0.98,0.7,-0.28,-0.04,False
2803,3819,0.8251424526894132,CLUSTER,44874.43,44855.604,4.65,4.65,53.0,21.0,-32.0,-4.571428571428571,1.98,1.7,-0.28,-0.04,3.37,2.2,-1.17,-0.16714285714285712,False
2806,3820,0.6929568867028769,METAL_LOSS,44875.22,44855.636,6.916666666666667,8.0,11.0,11.0,0.0,0.0,1.18,2.0,0.8200000000000001,0.11714285714285715,1.46,0.9,-0.5599999999999999,-0.07999999999999999,False
2802,3821,0.5611346669645847,METAL_LOSS,44874.06,44856.161,5.3,7.95,20.0,36.0,16.0,2.2857142857142856,0.83,2.2,1.37,0.19571428571428573,1.26,2.4,1.14,0.16285714285714284,True
2807,3822,0.5329624993787083,METAL_LOSS,44875.48,44856.526,4.983333333333333,7.766666666666667,15.0,18.0,3.0,0.42857142857142855,1.73,5.0,3.27,0.46714285714285714,4.05,3.7,-0.34999999999999964,-0.04999999999999995,False
2810,3823,0.6128471166736306,METAL_LOSS,44878.18,44857.274,6.716666666666667,7.883333333333333,11.0,13.0,2.0,0.2857142857142857,0.75,1.0,0.25,0.03571428571428571,1.58,0.7,-0.8800000000000001,-0.12571428571428572,False
2805,3824,0.5873324516958884,METAL_LOSS,44875.15,44857.631,5.333333333333333,8.016666666666667,29.0,18.0,-11.0,-1.5714285714285714,0.98,3.5,2.52,0.36,1.5,1.9,0.3999999999999999,0.05714285714285713,False
2808,3825,0.6216321586449647,METAL_LOSS,44877.52,44858.317,6.733333333333333,7.933333333333334,83.0,11.0,-72.0,-10.285714285714286,0.98,1.9,0.9199999999999999,0.13142857142857142,0.59,1.3,0.7100000000000001,0.10142857142857144,False
2809,3826,0.6383444220934551,CLUSTER,44877.94,44860.823,6.466666666666667,8.033333333333333,32.0,12.0,-20.0,-2.857142857142857,1.97,3.7,1.7300000000000002,0.24714285714285716,4.0,3.4,-0.6000000000000001,-0.08571428571428573,False
2811,3856,0.6512828937563884,METAL_LOSS,44908.13,44890.682,7.916666666666667,11.616666666666667,11.0,12.0,1.0,0.14285714285714285,0.91,2.1,1.19,0.16999999999999998,1.65,1.8,0.15000000000000013,0.021428571428571446,False
2813,3857,0.5060084190133913,METAL_LOSS,44909.82,44890.988,5.266666666666667,2.183333333333333,20.0,21.0,1.0,0.14285714285714285,0.63,4.6,3.9699999999999998,0.5671428571428571,1.14,2.9,1.76,0.25142857142857145,False
2819,3878,0.7432323599764981,METAL_LOSS,44989.68,44972.949,7.5,6.55,10.0,22.0,12.0,1.7142857142857142,1.18,3.9,2.7199999999999998,0.3885714285714285,2.95,2.4,-0.5500000000000003,-0.07857142857142861,False
2827,3887,0.6086752183966876,METAL_LOSS,45068.11,45050.955,5.966666666666667,12.583333333333334,11.0,15.0,4.0,0.5714285714285714,1.65,4.6,2.9499999999999997,0.4214285714285714,1.81,1.8,-0.010000000000000009,-0.0014285714285714299,False
2857,3896,0.5635159030507704,METAL_LOSS,45150.07,45132.421,1.85,7.283333333333333,10.0,14.0,4.0,0.5714285714285714,0.55,6.1,5.55,0.7928571428571428,1.73,2.7,0.9700000000000002,0.1385714285714286,False
2863,3905,0.7748005804418304,METAL_LOSS,45180.43,45171.598,5.733333333333333,5.75,10.0,22.0,12.0,1.7142857142857142,0.51,5.1,4.59,0.6557142857142857,1.26,5.3,4.04,0.5771428571428572,False
2868,3906,0.8906805662050045,METAL_LOSS,45183.14,45171.713,1.7166666666666668,1.8166666666666667,14.0,15.0,1.0,0.14285714285714285,1.26,1.5,0.24,0.03428571428571429,2.21,2.4,0.18999999999999995,0.027142857142857135,False
2864,3908,0.6492962967569231,METAL_LOSS,45180.5,45173.343,3.8,4.5,13.0,11.0,-2.0,-0.2857142857142857,0.63,4.6,3.9699999999999998,0.5671428571428571,1.65,4.5,2.85,0.40714285714285714,False
2867,3909,0.6762969860726554,CLUSTER,45183.1,45173.451,11.766666666666667,10.85,53.0,10.0,-43.0,-6.142857142857143,1.36,11.7,10.34,1.477142857142857,5.07,3.5,-1.5700000000000003,-0.22428571428571434,False
2862,3910,0.5135743148978719,METAL_LOSS,45180.41,45173.681,2.9,6.483333333333333,20.0,20.0,0.0,0.0,1.06,3.0,1.94,0.27714285714285714,1.58,2.5,0.9199999999999999,0.13142857142857142,False
2872,3935,0.5807051592329922,METAL_LOSS,45197.62,45193.022,3.6,4.783333333333333,14.0,16.0,2.0,0.2857142857142857,1.81,1.8,-0.010000000000000009,-0.0014285714285714299,0.59,2.0,1.4100000000000001,0.20142857142857146,False
2871,3940,0.506431218970402,METAL_LOSS,45197.18,45198.72,3.0833333333333335,6.466666666666667,39.0,16.0,-23.0,-3.2857142857142856,0.79,7.8,7.01,1.0014285714285713,1.38,3.0,1.62,0.23142857142857146,False
2873,3941,0.5118825358541346,METAL_LOSS,45200.05,45199.688,1.9666666666666668,6.65,14.0,13.0,-1.0,-0.14285714285714285,0.67,1.9,1.23,0.1757142857142857,1.06,1.8,0.74,0.10571428571428572,False
2874,3944,0.5962429265678446,METAL_LOSS,45200.57,45206.001,2.0,11.133333333333333,10.0,10.0,0.0,0.0,0.51,12.4,11.89,1.6985714285714286,1.06,2.4,1.3399999999999999,0.19142857142857142,False
2892,3947,0.5930830489883601,METAL_LOSS,45246.27,45253.973,5.483333333333333,1.2333333333333334,22.0,21.0,-1.0,-0.14285714285714285,0.63,2.2,1.5700000000000003,0.22428571428571434,1.61,1.6,-0.010000000000000009,-0.0014285714285714299,False
2893,3948,0.6518309629498106,METAL_LOSS,45246.5,45254.003,4.866666666666667,3.783333333333333,34.0,17.0,-17.0,-2.4285714285714284,0.75,2.1,1.35,0.19285714285714287,2.17,1.3,-0.8699999999999999,-0.12428571428571426,False
2923,4024,0.6776908268932521,METAL_LOSS,45814.21,45830.584,3.2666666666666666,3.3666666666666667,13.0,17.0,4.0,0.5714285714285714,1.5,16.3,14.8,2.1142857142857143,0.59,2.1,1.5100000000000002,0.21571428571428575,False
2990,4063,0.6012831141674816,METAL_LOSS,46204.85,46187.792,5.7,5.033333333333333,16.0,43.0,27.0,3.857142857142857,1.1,13.4,12.3,1.7571428571428573,1.81,3.6,1.79,0.2557142857142857,True
2991,4064,0.5775335989803474,METAL_LOSS,46204.95,46188.691,6.783333333333333,3.9166666666666665,15.0,19.0,4.0,0.5714285714285714,0.79,1.6,0.81,0.11571428571428573,1.06,1.3,0.24,0.03428571428571429,False
2992,4066,0.5969257953551828,METAL_LOSS,46205.43,46189.954,6.783333333333333,3.8833333333333333,10.0,18.0,8.0,1.1428571428571428,0.63,1.5,0.87,0.12428571428571429,1.14,1.6,0.4600000000000002,0.06571428571428574,False
2997,4067,0.5870855656792264,METAL_LOSS,46208.59,46190.344,5.283333333333333,5.1,10.0,30.0,20.0,2.857142857142857,0.83,9.0,8.17,1.167142857142857,1.3,4.3,3.0,0.42857142857142855,True
2993,4069,0.6137169327272035,METAL_LOSS,46207.43,46191.293,6.316666666666666,5.2,25.0,49.0,24.0,3.4285714285714284,0.67,4.2,3.5300000000000002,0.5042857142857143,1.26,1.5,0.24,0.03428571428571429,True
2995,4070,0.5580308045828344,METAL_LOSS,46208.09,46191.588,6.216666666666667,3.85,23.0,27.0,4.0,0.5714285714285714,0.79,2.1,1.31,0.18714285714285714,1.65,1.7,0.050000000000000044,0.00714285714285715,False
2994,4071,0.6141153592580797,METAL_LOSS,46207.43,46191.962,6.866666666666667,3.85,15.0,15.0,0.0,0.0,0.79,1.8,1.01,0.1442857142857143,0.75,1.5,0.75,0.10714285714285714,False
2996,4072,0.5432915870138435,METAL_LOSS,46208.5,46192.388,6.5,5.133333333333334,20.0,59.0,39.0,5.571428571428571,0.83,2.6,1.77,0.25285714285714284,1.34,4.7,3.3600000000000003,0.48000000000000004,True
2999,4103,0.592432581355957,METAL_LOSS,46226.61,46207.293,5.9,5.266666666666667,12.0,19.0,7.0,1.0,1.34,2.9,1.5599999999999998,0.22285714285714284,2.32,2.9,0.5800000000000001,0.08285714285714287,False
3073,4134,0.5799006609296515,METAL_LOSS,46345.6,46332.516,7.15,5.333333333333333,31.0,30.0,-1.0,-0.14285714285714285,0.63,4.6,3.9699999999999998,0.5671428571428571,2.52,1.9,-0.6200000000000001,-0.08857142857142859,False
3076,4210,0.5065900530940465,METAL_LOSS,46415.83,46398.727,3.9166666666666665,6.3,11.0,15.0,4.0,0.5714285714285714,1.89,2.4,0.51,0.07285714285714286,1.65,2.1,0.4500000000000002,0.06428571428571431,False
3075,4211,0.5460247635635751,METAL_LOSS,46415.43,46399.583,3.7333333333333334,6.4,18.0,20.0,2.0,0.2857142857142857,0.67,2.4,1.73,0.24714285714285714,1.02,1.6,0.5800000000000001,0.08285714285714287,False
3080,4216,0.6991391654218556,METAL_LOSS,46423.98,46409.019,12.366666666666667,11.65,38.0,12.0,-26.0,-3.7142857142857144,0.75,9.0,8.25,1.1785714285714286,2.76,2.4,-0.3599999999999999,-0.051428571428571414,False
3094,4226,0.6398310160832722,METAL_LOSS,46505.92,46485.883,4.95,4.683333333333334,14.0,14.0,0.0,0.0,0.59,1.3,0.7100000000000001,0.10142857142857144,1.26,1.1,-0.15999999999999992,-0.022857142857142847,False
3092,4227,0.5055965061710708,METAL_LOSS,46504.23,46485.906,7.233333333333333,6.266666666666667,29.0,14.0,-15.0,-2.142857142857143,0.71,9.3,8.59,1.227142857142857,4.61,5.4,0.79,0.11285714285714286,False
3095,4233,0.599246338816911,METAL_LOSS,46511.14,46500.653,7.183333333333334,8.866666666666667,14.0,13.0,-1.0,-0.14285714285714285,0.35,9.7,9.35,1.3357142857142856,0.71,2.2,1.4900000000000002,0.21285714285714288,False
3167,4367,0.5108348009949792,METAL_LOSS,47341.19,47377.008,1.8166666666666667,1.8,23.0,17.0,-6.0,-0.8571428571428571,0.59,1.4,0.8099999999999999,0.1157142857142857,1.65,1.5,-0.1499999999999999,-0.021428571428571415,False
3180,4379,0.7694982161063025,METAL_LOSS,47400.52,47418.051,2.8166666666666664,2.3166666666666664,17.0,11.0,-6.0,-0.8571428571428571,1.89,3.2,1.3100000000000003,0.1871428571428572,2.01,2.7,0.6900000000000004,0.09857142857142863,False
3178,4380,0.7685997412374611,METAL_LOSS,47400.46,47418.31,5.35,5.516666666666667,12.0,13.0,1.0,0.14285714285714285,0.32,9.2,8.879999999999999,1.2685714285714285,0.59,5.4,4.8100000000000005,0.6871428571428572,False
3183,4381,0.6884798282757645,METAL_LOSS,47400.67,47419.081,9.566666666666666,8.616666666666667,12.0,15.0,3.0,0.42857142857142855,0.67,8.7,8.03,1.147142857142857,2.6,8.5,5.9,0.8428571428571429,False
3176,4382,0.5691075237199952,CLUSTER,47400.36,47419.291,5.15,11.033333333333333,41.0,22.0,-19.0,-2.7142857142857144,3.26,4.9,1.6400000000000006,0.23428571428571437,4.21,5.4,1.1900000000000004,0.17000000000000007,False
3185,4383,0.8335992707592474,METAL_LOSS,47400.7,47419.862,6.233333333333333,6.2,16.0,16.0,0.0,0.0,0.51,9.6,9.09,1.2985714285714285,2.84,14.9,12.06,1.7228571428571429,False
3184,4384,0.7127276327135899,METAL_LOSS,47400.7,47419.934,7.2,8.1,12.0,14.0,2.0,0.2857142857142857,0.94,4.1,3.1599999999999997,0.4514285714285714,1.14,3.2,2.0600000000000005,0.2942857142857144,False
3186,4385,0.8494532658977179,METAL_LOSS,47400.71,47419.974,3.783333333333333,3.9,10.0,19.0,9.0,1.2857142857142858,0.51,3.1,2.59,0.37,1.85,2.3,0.44999999999999973,0.06428571428571425,False
3191,4387,0.7869897369126055,METAL_LOSS,47402.36,47420.942,6.95,6.466666666666667,12.0,13.0,1.0,0.14285714285714285,0.59,4.8,4.21,0.6014285714285714,1.97,2.8,0.8299999999999998,0.11857142857142855,False
3197,4389,0.5314202997997928,METAL_LOSS,47413.4,47427.789,6.616666666666667,5.916666666666667,19.0,17.0,-2.0,-0.2857142857142857,0.47,5.4,4.930000000000001,0.7042857142857144,1.06,5.1,4.039999999999999,0.5771428571428571,False
3199,4397,0.6670496149085245,METAL_LOSS,47448.57,47445.85,4.566666666666666,5.766666666666667,11.0,20.0,9.0,1.2857142857142858,0.32,0.9,0.5800000000000001,0.08285714285714287,0.59,1.4,0.8099999999999999,0.1157142857142857,False
3217,4445,0.5458415078558805,DENT,47726.21,47732.336,6.083333333333333,4.4,,13.0,,,2.89,1.1,-1.79,-0.2557142857142857,11.17,1.0,-10.17,-1.4528571428571428,False
3251,4511,0.560809025866838,METAL_LOSS,48607.3,48638.576,7.916666666666667,7.416666666666667,12.0,15.0,3.0,0.42857142857142855,1.42,3.8,2.38,0.33999999999999997,1.77,1.0,-0.77,-0.11,False
3320,4616,0.6780917289873469,METAL_LOSS,50259.59,50282.516,6.766666666666667,5.383333333333334,13.0,22.0,9.0,1.2857142857142858,0.67,1.7,1.0299999999999998,0.1471428571428571,2.52,2.2,-0.31999999999999984,-0.04571428571428569,False
3437,4807,0.5219286443512311,METAL_LOSS,51974.46,51993.937,7.0,1.3,10.0,11.0,1.0,0.14285714285714285,0.51,4.3,3.79,0.5414285714285715,0.94,1.1,0.16000000000000014,0.022857142857142878,False
3474,4886,0.6080688570601358,METAL_LOSS,53193.86,53194.613,4.966666666666667,12.0,12.0,26.0,14.0,2.0,1.58,0.6,-0.9800000000000001,-0.14,2.44,1.7,-0.74,-0.10571428571428572,False
3473,4887,0.5711004963849377,METAL_LOSS,53193.84,53195.381,8.916666666666666,12.033333333333333,10.0,22.0,12.0,1.7142857142857142,0.94,0.6,-0.33999999999999997,-0.048571428571428564,2.76,1.2,-1.5599999999999998,-0.22285714285714284,False
3481,4903,0.5840278566799971,METAL_LOSS,53313.09,53314.669,6.366666666666666,4.683333333333334,10.0,16.0,6.0,0.8571428571428571,0.51,2.5,1.99,0.2842857142857143,0.63,2.6,1.9700000000000002,0.2814285714285715,False
3618,5116,0.5907874574349989,METAL_LOSS,56809.41,56842.415,1.5333333333333332,2.8,10.0,18.0,8.0,1.1428571428571428,0.94,22.7,21.759999999999998,3.108571428571428,1.65,7.4,5.75,0.8214285714285714,False
3617,5118,0.5137098940599147,METAL_LOSS,56809.4,56842.625,1.2666666666666666,4.55,10.0,14.0,4.0,0.5714285714285714,0.63,6.9,6.2700000000000005,0.8957142857142858,0.83,4.1,3.2699999999999996,0.4671428571428571,False
3644,5142,0.5622102868023682,METAL_LOSS,56974.24,56995.925,5.15,5.4,18.0,13.0,-5.0,-0.7142857142857143,1.85,4.8,2.9499999999999997,0.4214285714285714,2.09,1.3,-0.7899999999999998,-0.11285714285714284,False
3643,5152,0.7395760092007775,METAL_LOSS,56972.51,57007.411,12.45,12.616666666666667,10.0,20.0,10.0,1.4285714285714286,1.06,4.8,3.7399999999999998,0.5342857142857143,2.28,1.9,-0.3799999999999999,-0.05428571428571427,False
